rank	word	wordlength	count	frequenz(count*100/1128)	sum frequenz	zipf(rank*count)	zipf(max/rank)
1	est	3	22	1.9504	1.9504	22	22
2	quid	4	16	1.4184	3.3688	32	11
3	et	2	14	1.2411	4.6099	42	7.3
3	in	2	14	1.2411	5.8511	42	7.3
4	te	2	13	1.1525	7.0035	52	5.5
4	non	3	13	1.1525	8.156	52	5.5
5	tu	2	11	0.9752	9.1312	55	4.4
5	demea	5	11	0.9752	10.1064	55	4.4
5	ego	3	11	0.9752	11.0816	55	4.4
6	ut	2	10	0.8865	11.9681	60	3.7
6	hoc	3	10	0.8865	12.8546	60	3.7
7	ubi	3	9	0.7979	13.6525	63	3.1
8	haec	4	7	0.6206	14.273	56	2.8
8	ad	2	7	0.6206	14.8936	56	2.8
8	iam	3	7	0.6206	15.5142	56	2.8
8	quae	4	7	0.6206	16.1348	56	2.8
9	hac	3	6	0.5319	16.6667	54	2.4
9	modo	4	6	0.5319	17.1986	54	2.4
9	sane	4	6	0.5319	17.7305	54	2.4
9	atque	5	6	0.5319	18.2624	54	2.4
9	quam	4	6	0.5319	18.7943	54	2.4
9	o	1	6	0.5319	19.3262	54	2.4
9	ne	2	6	0.5319	19.8582	54	2.4
9	mihi	4	6	0.5319	20.3901	54	2.4
9	tibi	4	6	0.5319	20.922	54	2.4
10	hercle	6	5	0.4433	21.3652	50	2.2
10	me	2	5	0.4433	21.8085	50	2.2
10	nil	3	5	0.4433	22.2518	50	2.2
10	apud	4	5	0.4433	22.695	50	2.2
10	quod	4	5	0.4433	23.1383	50	2.2
10	verum	5	5	0.4433	23.5816	50	2.2
10	esse	4	5	0.4433	24.0248	50	2.2
10	etiam	5	5	0.4433	24.4681	50	2.2
10	hic	3	5	0.4433	24.9113	50	2.2
10	sed	3	5	0.4433	25.3546	50	2.2
11	autem	5	4	0.3546	25.7092	44	2
11	rem	3	4	0.3546	26.0638	44	2
11	es	2	4	0.3546	26.4184	44	2
11	facere	6	4	0.3546	26.773	44	2
11	hunc	4	4	0.3546	27.1277	44	2
11	de	2	4	0.3546	27.4823	44	2
11	nunc	4	4	0.3546	27.8369	44	2
11	qui	3	4	0.3546	28.1915	44	2
11	si	2	4	0.3546	28.5461	44	2
11	nam	3	4	0.3546	28.9007	44	2
11	bene	4	4	0.3546	29.2553	44	2
11	sit	3	4	0.3546	29.6099	44	2
12	id	2	3	0.266	29.8759	36	1.8
12	istuc	5	3	0.266	30.1418	36	1.8
12	ac	2	3	0.266	30.4078	36	1.8
12	sic	3	3	0.266	30.6738	36	1.8
12	em	2	3	0.266	30.9397	36	1.8
12	habeo	5	3	0.266	31.2057	36	1.8
12	age	3	3	0.266	31.4716	36	1.8
12	praeterea	9	3	0.266	31.7376	36	1.8
12	ita	3	3	0.266	32.0035	36	1.8
12	inepta	6	3	0.266	32.2695	36	1.8
12	argentum	8	3	0.266	32.5355	36	1.8
12	illa	4	3	0.266	32.8014	36	1.8
12	cum	3	3	0.266	33.0674	36	1.8
12	omnia	5	3	0.266	33.3333	36	1.8
12	homini	6	3	0.266	33.5993	36	1.8
12	hui	3	3	0.266	33.8652	36	1.8
12	dedit	5	3	0.266	34.1312	36	1.8
12	quidem	6	3	0.266	34.3972	36	1.8
12	vobis	5	3	0.266	34.6631	36	1.8
12	tuom	4	3	0.266	34.9291	36	1.8
12	credo	5	3	0.266	35.195	36	1.8
12	vir	3	3	0.266	35.461	36	1.8
12	sedulo	6	3	0.266	35.727	36	1.8
12	mane	4	3	0.266	35.9929	36	1.8
12	edepol	6	3	0.266	36.2589	36	1.8
12	recte	5	3	0.266	36.5248	36	1.8
12	ctesipho	8	3	0.266	36.7908	36	1.8
12	tuam	4	3	0.266	37.0567	36	1.8
12	hanc	4	3	0.266	37.3227	36	1.8
12	sapientia	9	3	0.266	37.5887	36	1.8
12	abi	3	3	0.266	37.8546	36	1.8
12	quin	4	3	0.266	38.1206	36	1.8
12	vah	3	3	0.266	38.3865	36	1.8
12	hodie	5	3	0.266	38.6525	36	1.8
13	abeam	5	2	0.1773	38.8298	26	1.7
13	nobis	5	2	0.1773	39.0071	26	1.7
13	fiat	4	2	0.1773	39.1844	26	1.7
13	lectulos	8	2	0.1773	39.3617	26	1.7
13	potest	6	2	0.1773	39.539	26	1.7
13	illius	6	2	0.1773	39.7163	26	1.7
13	huc	3	2	0.1773	39.8936	26	1.7
13	intu	4	2	0.1773	40.0709	26	1.7
13	maxume	6	2	0.1773	40.2482	26	1.7
13	domi	4	2	0.1773	40.4255	26	1.7
13	esto	4	2	0.1773	40.6028	26	1.7
13	animo	5	2	0.1773	40.7801	26	1.7
13	bono	4	2	0.1773	40.9574	26	1.7
13	quom	4	2	0.1773	41.1348	26	1.7
13	ibi	3	2	0.1773	41.3121	26	1.7
13	moneo	5	2	0.1773	41.4894	26	1.7
13	ex	2	2	0.1773	41.6667	26	1.7
13	quo	3	2	0.1773	41.844	26	1.7
13	deorsum	7	2	0.1773	42.0213	26	1.7
13	hominem	7	2	0.1773	42.1986	26	1.7
13	aliquid	7	2	0.1773	42.3759	26	1.7
13	iamdudum	8	2	0.1773	42.5532	26	1.7
13	rus	3	2	0.1773	42.7305	26	1.7
13	volt	4	2	0.1773	42.9078	26	1.7
13	narras	6	2	0.1773	43.0851	26	1.7
13	usque	5	2	0.1773	43.2624	26	1.7
13	illum	5	2	0.1773	43.4397	26	1.7
13	equidem	7	2	0.1773	43.617	26	1.7
13	fit	3	2	0.1773	43.7943	26	1.7
13	nisi	4	2	0.1773	43.9716	26	1.7
13	quia	4	2	0.1773	44.1489	26	1.7
13	vis	3	2	0.1773	44.3262	26	1.7
13	porticum	8	2	0.1773	44.5035	26	1.7
13	recta	5	2	0.1773	44.6809	26	1.7
13	ait	3	2	0.1773	44.8582	26	1.7
13	haud	4	2	0.1773	45.0355	26	1.7
13	filium	6	2	0.1773	45.2128	26	1.7
13	scire	5	2	0.1773	45.3901	26	1.7
13	ilico	5	2	0.1773	45.5674	26	1.7
13	tam	3	2	0.1773	45.7447	26	1.7
13	sententia	9	2	0.1773	45.922	26	1.7
13	i	1	2	0.1773	46.0993	26	1.7
13	sum	3	2	0.1773	46.2766	26	1.7
13	platea	6	2	0.1773	46.4539	26	1.7
13	piscis	6	2	0.1773	46.6312	26	1.7
13	egomet	6	2	0.1773	46.8085	26	1.7
13	huius	5	2	0.1773	46.9858	26	1.7
13	priu	4	2	0.1773	47.1631	26	1.7
13	pulchre	7	2	0.1773	47.3404	26	1.7
13	veneris	7	2	0.1773	47.5177	26	1.7
13	nostin	6	2	0.1773	47.695	26	1.7
13	tace	4	2	0.1773	47.8723	26	1.7
13	numquid	7	2	0.1773	48.0496	26	1.7
13	dum	3	2	0.1773	48.227	26	1.7
13	cyprum	6	2	0.1773	48.4043	26	1.7
13	agam	4	2	0.1773	48.5816	26	1.7
13	venias	6	2	0.1773	48.7589	26	1.7
13	minae	5	2	0.1773	48.9362	26	1.7
13	semper	6	2	0.1773	49.1135	26	1.7
13	esses	5	2	0.1773	49.2908	26	1.7
13	vide	4	2	0.1773	49.4681	26	1.7
13	tamen	5	2	0.1773	49.6454	26	1.7
13	hinc	4	2	0.1773	49.8227	26	1.7
13	adulescenti	11	2	0.1773	50	26	1.7
13	unum	4	2	0.1773	50.1773	26	1.7
13	sint	4	2	0.1773	50.3546	26	1.7
13	morem	5	2	0.1773	50.5319	26	1.7
13	quasi	5	2	0.1773	50.7092	26	1.7
13	homo	4	2	0.1773	50.8865	26	1.7
13	maxumum	7	2	0.1773	51.0638	26	1.7
13	scio	4	2	0.1773	51.2411	26	1.7
13	novi	4	2	0.1773	51.4184	26	1.7
13	sannio	6	2	0.1773	51.5957	26	1.7
13	ipsum	5	2	0.1773	51.773	26	1.7
13	noster	6	2	0.1773	51.9504	26	1.7
13	quot	4	2	0.1773	52.1277	26	1.7
13	tuo	3	2	0.1773	52.305	26	1.7
13	gratiam	7	2	0.1773	52.4823	26	1.7
13	numquam	7	2	0.1773	52.6596	26	1.7
14	emptam	6	1	0.0887	52.7482	14	1.6
14	inpulsore	9	1	0.0887	52.8369	14	1.6
14	factum	6	1	0.0887	52.9255	14	1.6
14	omnibu	6	1	0.0887	53.0142	14	1.6
14	labrum	6	1	0.0887	53.1028	14	1.6
14	seorsum	7	1	0.0887	53.1915	14	1.6
14	discidit	8	1	0.0887	53.2801	14	1.6
14	occidit	7	1	0.0887	53.3688	14	1.6
14	facis	5	1	0.0887	53.4574	14	1.6
14	psaltriam	9	1	0.0887	53.5461	14	1.6
14	istam	5	1	0.0887	53.6348	14	1.6
14	miserum	7	1	0.0887	53.7234	14	1.6
14	pugnis	6	1	0.0887	53.8121	14	1.6
14	rogitas	7	1	0.0887	53.9007	14	1.6
14	perii	5	1	0.0887	53.9894	14	1.6
14	utinam	6	1	0.0887	54.078	14	1.6
14	bone	4	1	0.0887	54.1667	14	1.6
14	malum	5	1	0.0887	54.2553	14	1.6
14	miseria	7	1	0.0887	54.344	14	1.6
14	venit	5	1	0.0887	54.4326	14	1.6
14	quem	4	1	0.0887	54.5213	14	1.6
14	post	4	1	0.0887	54.6099	14	1.6
14	continebit	10	1	0.0887	54.6986	14	1.6
14	curavi	6	1	0.0887	54.7872	14	1.6
14	servolum	8	1	0.0887	54.8759	14	1.6
14	mulierem	8	1	0.0887	54.9645	14	1.6
14	miseram	7	1	0.0887	55.0532	14	1.6
14	perquam	7	1	0.0887	55.1418	14	1.6
14	ambo	4	1	0.0887	55.2305	14	1.6
14	docui	5	1	0.0887	55.3191	14	1.6
14	manus	5	1	0.0887	55.4078	14	1.6
14	monui	5	1	0.0887	55.4965	14	1.6
14	sapiet	6	1	0.0887	55.5851	14	1.6
14	posthac	7	1	0.0887	55.6738	14	1.6
14	praecepi	8	1	0.0887	55.7624	14	1.6
14	ille	4	1	0.0887	55.8511	14	1.6
14	insaniens	9	1	0.0887	55.9397	14	1.6
14	laudas	6	1	0.0887	56.0284	14	1.6
14	potui	5	1	0.0887	56.117	14	1.6
14	lepidum	7	1	0.0887	56.2057	14	1.6
14	meis	4	1	0.0887	56.2943	14	1.6
14	gestavi	7	1	0.0887	56.383	14	1.6
14	manibu	6	1	0.0887	56.4716	14	1.6
14	tantillum	9	1	0.0887	56.5603	14	1.6
14	puerum	6	1	0.0887	56.6489	14	1.6
14	senem	5	1	0.0887	56.7376	14	1.6
14	verberare	9	1	0.0887	56.8262	14	1.6
14	puduisse	8	1	0.0887	56.9149	14	1.6
14	caput	5	1	0.0887	57.0035	14	1.6
14	pepercit	8	1	0.0887	57.0922	14	1.6
14	domini	6	1	0.0887	57.1809	14	1.6
14	quisquam	8	1	0.0887	57.2695	14	1.6
14	perpetuom	9	1	0.0887	57.3582	14	1.6
14	calleo	6	1	0.0887	57.4468	14	1.6
14	virtutes	8	1	0.0887	57.5355	14	1.6
14	deum	4	1	0.0887	57.6241	14	1.6
14	facio	5	1	0.0887	57.7128	14	1.6
14	lubenter	8	1	0.0887	57.8014	14	1.6
14	prima	5	1	0.0887	57.8901	14	1.6
14	audit	5	1	0.0887	57.9787	14	1.6
14	laudarier	9	1	0.0887	58.0674	14	1.6
14	reddo	5	1	0.0887	58.156	14	1.6
14	mammam	6	1	0.0887	58.2447	14	1.6
14	ovem	4	1	0.0887	58.3333	14	1.6
14	placidum	8	1	0.0887	58.422	14	1.6
14	di	2	1	0.0887	58.5106	14	1.6
14	fervit	6	1	0.0887	58.5993	14	1.6
14	omnes	5	1	0.0887	58.6879	14	1.6
14	sensum	6	1	0.0887	58.7766	14	1.6
14	tuas	4	1	0.0887	58.8652	14	1.6
14	amicis	6	1	0.0887	58.9539	14	1.6
14	hisce	5	1	0.0887	59.0426	14	1.6
14	opera	5	1	0.0887	59.1312	14	1.6
14	data	4	1	0.0887	59.2199	14	1.6
14	da	2	1	0.0887	59.3085	14	1.6
14	vellem	6	1	0.0887	59.3972	14	1.6
14	noctu	5	1	0.0887	59.4858	14	1.6
14	operam	6	1	0.0887	59.5745	14	1.6
14	optata	6	1	0.0887	59.6631	14	1.6
14	mos	3	1	0.0887	59.7518	14	1.6
14	reddam	6	1	0.0887	59.8404	14	1.6
14	offerant	8	1	0.0887	59.9291	14	1.6
14	esset	5	1	0.0887	60.0177	14	1.6
14	dari	4	1	0.0887	60.1064	14	1.6
14	otiosus	7	1	0.0887	60.195	14	1.6
14	narro	5	1	0.0887	60.2837	14	1.6
14	lacrumae	8	1	0.0887	60.3723	14	1.6
14	volo	4	1	0.0887	60.461	14	1.6
14	videam	6	1	0.0887	60.5496	14	1.6
14	gaudium	7	1	0.0887	60.6383	14	1.6
14	phrygiam	8	1	0.0887	60.727	14	1.6
14	referire	8	1	0.0887	60.8156	14	1.6
14	durare	6	1	0.0887	60.9043	14	1.6
14	uxorem	6	1	0.0887	60.9929	14	1.6
14	amovebo	7	1	0.0887	61.0816	14	1.6
14	cavebo	6	1	0.0887	61.1702	14	1.6
14	meam	4	1	0.0887	61.2589	14	1.6
14	taces	5	1	0.0887	61.3475	14	1.6
14	una	3	1	0.0887	61.4362	14	1.6
14	nescit	6	1	0.0887	61.5248	14	1.6
14	mecum	5	1	0.0887	61.6135	14	1.6
14	solu	4	1	0.0887	61.7021	14	1.6
14	is	2	1	0.0887	61.7908	14	1.6
14	se	2	1	0.0887	61.8794	14	1.6
14	cadunt	6	1	0.0887	61.9681	14	1.6
14	ipsust	6	1	0.0887	62.0567	14	1.6
14	puero	5	1	0.0887	62.1454	14	1.6
14	gaudio	6	1	0.0887	62.234	14	1.6
14	lupus	5	1	0.0887	62.3227	14	1.6
14	filio	5	1	0.0887	62.4113	14	1.6
14	fabula	6	1	0.0887	62.5	14	1.6
14	nepoti	6	1	0.0887	62.5887	14	1.6
14	fuge	4	1	0.0887	62.6773	14	1.6
14	liberam	7	1	0.0887	62.766	14	1.6
14	intro	5	1	0.0887	62.8546	14	1.6
14	videro	6	1	0.0887	62.9433	14	1.6
14	potin	5	1	0.0887	63.0319	14	1.6
14	desinas	7	1	0.0887	63.1206	14	1.6
14	rideo	5	1	0.0887	63.2092	14	1.6
14	primum	6	1	0.0887	63.2979	14	1.6
14	pueris	6	1	0.0887	63.3865	14	1.6
14	nescio	6	1	0.0887	63.4752	14	1.6
14	audebam	7	1	0.0887	63.5638	14	1.6
14	ctesiphoni	10	1	0.0887	63.6525	14	1.6
14	agi	3	1	0.0887	63.7411	14	1.6
14	abis	4	1	0.0887	63.8298	14	1.6
14	noli	4	1	0.0887	63.9184	14	1.6
14	inquam	6	1	0.0887	64.0071	14	1.6
14	cyathos	7	1	0.0887	64.0957	14	1.6
14	carpam	6	1	0.0887	64.1844	14	1.6
14	abit	4	1	0.0887	64.273	14	1.6
14	comissatorem	12	1	0.0887	64.3617	14	1.6
14	bellissimum	11	1	0.0887	64.4504	14	1.6
14	erit	4	1	0.0887	64.539	14	1.6
14	commodum	8	1	0.0887	64.6277	14	1.6
14	praesertim	10	1	0.0887	64.7163	14	1.6
14	quicquid	8	1	0.0887	64.805	14	1.6
14	abibo	5	1	0.0887	64.8936	14	1.6
14	paullulus	9	1	0.0887	64.9823	14	1.6
14	prospiciam	10	1	0.0887	65.0709	14	1.6
14	totus	5	1	0.0887	65.1596	14	1.6
14	amorest	7	1	0.0887	65.2482	14	1.6
14	corrumpitur	11	1	0.0887	65.3369	14	1.6
14	prandium	8	1	0.0887	65.4255	14	1.6
14	cessat	6	1	0.0887	65.5142	14	1.6
14	odiose	6	1	0.0887	65.6028	14	1.6
14	aeschinus	9	1	0.0887	65.6915	14	1.6
14	silicernium	11	1	0.0887	65.7801	14	1.6
14	dignus	6	1	0.0887	65.8688	14	1.6
14	silescunt	9	1	0.0887	65.9574	14	1.6
14	exercebo	8	1	0.0887	66.0461	14	1.6
14	faciundos	9	1	0.0887	66.1348	14	1.6
14	pedibu	6	1	0.0887	66.2234	14	1.6
14	sorbilans	9	1	0.0887	66.3121	14	1.6
14	paullatim	9	1	0.0887	66.4007	14	1.6
14	turbae	6	1	0.0887	66.4894	14	1.6
14	nollem	6	1	0.0887	66.578	14	1.6
14	tristis	7	1	0.0887	66.6667	14	1.6
14	ohe	3	1	0.0887	66.7553	14	1.6
14	verba	5	1	0.0887	66.844	14	1.6
14	senex	5	1	0.0887	66.9326	14	1.6
14	fundis	6	1	0.0887	67.0213	14	1.6
14	adest	5	1	0.0887	67.1099	14	1.6
14	ecce	4	1	0.0887	67.1986	14	1.6
14	lubitum	7	1	0.0887	67.2872	14	1.6
14	dis	3	1	0.0887	67.3759	14	1.6
14	constabilisses	14	1	0.0887	67.4645	14	1.6
14	prodeambulare	13	1	0.0887	67.5532	14	1.6
14	ob	2	1	0.0887	67.6418	14	1.6
14	feci	4	1	0.0887	67.7305	14	1.6
14	satur	5	1	0.0887	67.8191	14	1.6
14	parasitaster	12	1	0.0887	67.9078	14	1.6
14	rerum	5	1	0.0887	67.9965	14	1.6
14	exitum	6	1	0.0887	68.0851	14	1.6
14	omnium	6	1	0.0887	68.1738	14	1.6
14	postquam	8	1	0.0887	68.2624	14	1.6
14	administrasti	13	1	0.0887	68.3511	14	1.6
14	munus	5	1	0.0887	68.4397	14	1.6
14	lauteque	8	1	0.0887	68.5284	14	1.6
14	molliter	8	1	0.0887	68.617	14	1.6
14	aliu	4	1	0.0887	68.7057	14	1.6
14	curasti	7	1	0.0887	68.7943	14	1.6
14	syrisce	7	1	0.0887	68.883	14	1.6
14	diem	4	1	0.0887	68.9716	14	1.6
14	producam	8	1	0.0887	69.0603	14	1.6
14	quidam	6	1	0.0887	69.1489	14	1.6
14	ilignis	7	1	0.0887	69.2376	14	1.6
14	interea	7	1	0.0887	69.3262	14	1.6
14	vicit	5	1	0.0887	69.4149	14	1.6
14	vorsum	6	1	0.0887	69.5035	14	1.6
14	ago	3	1	0.0887	69.5922	14	1.6
14	erravi	6	1	0.0887	69.6809	14	1.6
14	censen	6	1	0.0887	69.7695	14	1.6
14	pergito	7	1	0.0887	69.8582	14	1.6
14	magna	5	1	0.0887	69.9468	14	1.6
14	caprificu	9	1	0.0887	70.0355	14	1.6
14	illic	5	1	0.0887	70.1241	14	1.6
14	propter	7	1	0.0887	70.2128	14	1.6
14	angiportum	10	1	0.0887	70.3014	14	1.6
14	sacellum	8	1	0.0887	70.3901	14	1.6
14	manum	5	1	0.0887	70.4787	14	1.6
14	postea	6	1	0.0887	70.5674	14	1.6
14	praecipitato	12	1	0.0887	70.656	14	1.6
14	clivo	5	1	0.0887	70.7447	14	1.6
14	redi	4	1	0.0887	70.8333	14	1.6
14	factumst	8	1	0.0887	70.922	14	1.6
14	eo	2	1	0.0887	71.0106	14	1.6
14	sursum	6	1	0.0887	71.0993	14	1.6
14	iussisti	8	1	0.0887	71.1879	14	1.6
14	praeterito	10	1	0.0887	71.2766	14	1.6
14	bonus	5	1	0.0887	71.3652	14	1.6
14	macellum	8	1	0.0887	71.4539	14	1.6
14	locum	5	1	0.0887	71.5426	14	1.6
14	nomen	5	1	0.0887	71.6312	14	1.6
14	istos	5	1	0.0887	71.7199	14	1.6
14	at	2	1	0.0887	71.8085	14	1.6
14	monstrabo	9	1	0.0887	71.8972	14	1.6
14	a	1	1	0.0887	71.9858	14	1.6
14	perfortiter	11	1	0.0887	72.0745	14	1.6
14	rursum	6	1	0.0887	72.1631	14	1.6
14	multo	5	1	0.0887	72.2518	14	1.6
14	hospes	6	1	0.0887	72.3404	14	1.6
14	orat	4	1	0.0887	72.4291	14	1.6
14	angulum	7	1	0.0887	72.5177	14	1.6
14	sole	4	1	0.0887	72.6064	14	1.6
14	ibist	5	1	0.0887	72.695	14	1.6
14	fabrica	7	1	0.0887	72.7837	14	1.6
14	exadvorsum	10	1	0.0887	72.8723	14	1.6
14	pistrilla	9	1	0.0887	72.961	14	1.6
14	aliquo	6	1	0.0887	73.0496	14	1.6
14	edormiscam	10	1	0.0887	73.1383	14	1.6
14	lacum	5	1	0.0887	73.227	14	1.6
14	portam	6	1	0.0887	73.3156	14	1.6
14	dextram	7	1	0.0887	73.4043	14	1.6
14	villi	5	1	0.0887	73.4929	14	1.6
14	heus	4	1	0.0887	73.5816	14	1.6
14	ito	3	1	0.0887	73.6702	14	1.6
14	propius	7	1	0.0887	73.7589	14	1.6
14	frater	6	1	0.0887	73.8475	14	1.6
14	dianae	6	1	0.0887	73.9362	14	1.6
14	sinistram	9	1	0.0887	74.0248	14	1.6
14	abeas	5	1	0.0887	74.1135	14	1.6
14	praeterieris	12	1	0.0887	74.2021	14	1.6
14	eas	3	1	0.0887	74.2908	14	1.6
14	aedis	5	1	0.0887	74.3794	14	1.6
14	longius	7	1	0.0887	74.4681	14	1.6
14	ditis	5	1	0.0887	74.5567	14	1.6
14	cratini	7	1	0.0887	74.6454	14	1.6
14	scin	4	1	0.0887	74.734	14	1.6
14	erratio	7	1	0.0887	74.8227	14	1.6
14	minor	5	1	0.0887	74.9113	14	1.6
14	ibis	4	1	0.0887	75	14	1.6
14	nemost	6	1	0.0887	75.0887	14	1.6
14	mi	2	1	0.0887	75.1773	14	1.6
14	amicus	6	1	0.0887	75.266	14	1.6
14	exit	4	1	0.0887	75.3546	14	1.6
14	iube	4	1	0.0887	75.4433	14	1.6
14	interim	7	1	0.0887	75.5319	14	1.6
14	oblecta	7	1	0.0887	75.6206	14	1.6
14	fiet	4	1	0.0887	75.7092	14	1.6
14	sequere	7	1	0.0887	75.7979	14	1.6
14	reddet	6	1	0.0887	75.8865	14	1.6
14	omne	4	1	0.0887	75.9752	14	1.6
14	time	4	1	0.0887	76.0638	14	1.6
14	reddetur	8	1	0.0887	76.1525	14	1.6
14	properat	8	1	0.0887	76.2411	14	1.6
14	namque	6	1	0.0887	76.3298	14	1.6
14	eamu	4	1	0.0887	76.4184	14	1.6
14	mitis	5	1	0.0887	76.5071	14	1.6
14	foras	5	1	0.0887	76.5957	14	1.6
14	ipse	4	1	0.0887	76.6844	14	1.6
14	parari	6	1	0.0887	76.773	14	1.6
14	lubet	5	1	0.0887	76.8617	14	1.6
14	dividuom	8	1	0.0887	76.9504	14	1.6
14	face	4	1	0.0887	77.039	14	1.6
14	minas	5	1	0.0887	77.1277	14	1.6
14	decem	5	1	0.0887	77.2163	14	1.6
14	conradet	8	1	0.0887	77.305	14	1.6
14	alicunde	8	1	0.0887	77.3936	14	1.6
14	faciam	6	1	0.0887	77.4823	14	1.6
14	exspectat	9	1	0.0887	77.5709	14	1.6
14	ctesiphonem	11	1	0.0887	77.6596	14	1.6
14	video	5	1	0.0887	77.7482	14	1.6
14	laetus	6	1	0.0887	77.8369	14	1.6
14	amica	5	1	0.0887	77.9255	14	1.6
14	paullisper	10	1	0.0887	78.0142	14	1.6
14	ellum	5	1	0.0887	78.1028	14	1.6
14	sterni	6	1	0.0887	78.1915	14	1.6
14	cetera	6	1	0.0887	78.2801	14	1.6
14	perdas	6	1	0.0887	78.3688	14	1.6
14	egit	4	1	0.0887	78.4574	14	1.6
14	dromo	5	1	0.0887	78.5461	14	1.6
14	purga	5	1	0.0887	78.6348	14	1.6
14	ceteros	7	1	0.0887	78.7234	14	1.6
14	absurda	7	1	0.0887	78.8121	14	1.6
14	dolo	4	1	0.0887	78.9007	14	1.6
14	dicam	5	1	0.0887	78.9894	14	1.6
14	agitur	6	1	0.0887	79.078	14	1.6
14	aspexeram	9	1	0.0887	79.1667	14	1.6
14	ehem	4	1	0.0887	79.2553	14	1.6
14	distributum	11	1	0.0887	79.344	14	1.6
14	dimidium	8	1	0.0887	79.4326	14	1.6
14	sumptum	7	1	0.0887	79.5213	14	1.6
14	adnumeravit	11	1	0.0887	79.6099	14	1.6
14	gratias	7	1	0.0887	79.6986	14	1.6
14	consilium	9	1	0.0887	79.7872	14	1.6
14	transacta	9	1	0.0887	79.8759	14	1.6
14	pacto	5	1	0.0887	79.9645	14	1.6
14	re	2	1	0.0887	80.0532	14	1.6
14	convortam	9	1	0.0887	80.1418	14	1.6
14	domum	5	1	0.0887	80.2305	14	1.6
14	opsonio	7	1	0.0887	80.3191	14	1.6
14	omnem	5	1	0.0887	80.4078	14	1.6
14	seni	4	1	0.0887	80.4965	14	1.6
14	haberet	7	1	0.0887	80.5851	14	1.6
14	dedissem	8	1	0.0887	80.6738	14	1.6
14	enarramus	9	1	0.0887	80.7624	14	1.6
14	ordine	6	1	0.0887	80.8511	14	1.6
14	quicquam	8	1	0.0887	80.9397	14	1.6
14	vidi	4	1	0.0887	81.0284	14	1.6
14	laetius	7	1	0.0887	81.117	14	1.6
14	conlaudavit	11	1	0.0887	81.2057	14	1.6
14	totum	5	1	0.0887	81.2943	14	1.6
14	an	2	1	0.0887	81.383	14	1.6
14	istum	5	1	0.0887	81.4716	14	1.6
14	scis	4	1	0.0887	81.5603	14	1.6
14	feneraret	9	1	0.0887	81.6489	14	1.6
14	stultissime	11	1	0.0887	81.7376	14	1.6
14	hominum	7	1	0.0887	81.8262	14	1.6
14	morigeratus	11	1	0.0887	81.9149	14	1.6
14	paullulum	9	1	0.0887	82.0035	14	1.6
14	concessisses	12	1	0.0887	82.0922	14	1.6
14	iure	4	1	0.0887	82.1809	14	1.6
14	metuisti	8	1	0.0887	82.2695	14	1.6
14	lucrum	6	1	0.0887	82.3582	14	1.6
14	interdumst	10	1	0.0887	82.4468	14	1.6
14	neglegere	9	1	0.0887	82.5355	14	1.6
14	loco	4	1	0.0887	82.6241	14	1.6
14	pecuniam	8	1	0.0887	82.7128	14	1.6
14	loquar	6	1	0.0887	82.8014	14	1.6
14	oportuit	8	1	0.0887	82.8901	14	1.6
14	nescis	6	1	0.0887	82.9787	14	1.6
14	actum	5	1	0.0887	83.0674	14	1.6
14	conveniam	9	1	0.0887	83.156	14	1.6
14	cupide	6	1	0.0887	83.2447	14	1.6
14	accipiat	8	1	0.0887	83.3333	14	1.6
14	faxo	4	1	0.0887	83.422	14	1.6
14	dicat	5	1	0.0887	83.5106	14	1.6
14	secum	5	1	0.0887	83.5993	14	1.6
14	sanniost	8	1	0.0887	83.6879	14	1.6
14	gestum	6	1	0.0887	83.7766	14	1.6
14	audio	5	1	0.0887	83.8652	14	1.6
14	nescioquid	10	1	0.0887	83.9539	14	1.6
14	concertasse	11	1	0.0887	84.0426	14	1.6
14	ero	3	1	0.0887	84.1312	14	1.6
14	tua	3	1	0.0887	84.2199	14	1.6
14	culpa	5	1	0.0887	84.3085	14	1.6
14	facies	6	1	0.0887	84.3972	14	1.6
14	inescare	8	1	0.0887	84.4858	14	1.6
14	servesne	8	1	0.0887	84.5745	14	1.6
14	spero	5	1	0.0887	84.6631	14	1.6
14	periclum	8	1	0.0887	84.7518	14	1.6
14	potius	6	1	0.0887	84.8404	14	1.6
14	placet	6	1	0.0887	84.9291	14	1.6
14	sati	4	1	0.0887	85.0177	14	1.6
14	labascit	8	1	0.0887	85.1064	14	1.6
14	putes	5	1	0.0887	85.195	14	1.6
14	rediturum	9	1	0.0887	85.2837	14	1.6
14	enumerasti	10	1	0.0887	85.3723	14	1.6
14	iamne	5	1	0.0887	85.461	14	1.6
14	scrupulum	9	1	0.0887	85.5496	14	1.6
14	inieci	6	1	0.0887	85.6383	14	1.6
14	timet	5	1	0.0887	85.727	14	1.6
14	ages	4	1	0.0887	85.8156	14	1.6
14	redieris	8	1	0.0887	85.9043	14	1.6
14	illinc	6	1	0.0887	85.9929	14	1.6
14	homines	7	1	0.0887	86.0816	14	1.6
14	proficisci	10	1	0.0887	86.1702	14	1.6
14	animum	6	1	0.0887	86.2589	14	1.6
14	usquam	6	1	0.0887	86.3475	14	1.6
14	viginti	7	1	0.0887	86.4362	14	1.6
14	huic	4	1	0.0887	86.5248	14	1.6
14	obsequare	9	1	0.0887	86.6135	14	1.6
14	aiunt	5	1	0.0887	86.7021	14	1.6
14	coemisse	8	1	0.0887	86.7908	14	1.6
14	pendet	6	1	0.0887	86.8794	14	1.6
14	illuc	5	1	0.0887	86.9681	14	1.6
14	veheres	7	1	0.0887	87.0567	14	1.6
14	multa	5	1	0.0887	87.1454	14	1.6
14	navem	5	1	0.0887	87.234	14	1.6
14	conductam	9	1	0.0887	87.3227	14	1.6
14	animu	5	1	0.0887	87.4113	14	1.6
14	gongrum	7	1	0.0887	87.5	14	1.6
14	aqua	4	1	0.0887	87.5887	14	1.6
14	cliens	6	1	0.0887	87.6773	14	1.6
14	nactus	6	1	0.0887	87.766	14	1.6
14	parum	5	1	0.0887	87.8546	14	1.6
14	lautumst	8	1	0.0887	87.9433	14	1.6
14	adustumst	9	1	0.0887	88.0319	14	1.6
14	salsumst	8	1	0.0887	88.1206	14	1.6
14	modum	5	1	0.0887	88.2092	14	1.6
14	praecipio	9	1	0.0887	88.2979	14	1.6
14	istunc	6	1	0.0887	88.3865	14	1.6
14	eundem	6	1	0.0887	88.4752	14	1.6
14	conservis	9	1	0.0887	88.5638	14	1.6
14	queo	4	1	0.0887	88.6525	14	1.6
14	dixti	5	1	0.0887	88.7411	14	1.6
14	flagitiumst	11	1	0.0887	88.8298	14	1.6
14	cautiost	8	1	0.0887	88.9184	14	1.6
14	corrumpantur	12	1	0.0887	89.0071	14	1.6
14	auscultandi	11	1	0.0887	89.0957	14	1.6
14	iterum	6	1	0.0887	89.1844	14	1.6
14	phy	3	1	0.0887	89.273	14	1.6
14	admittere	9	1	0.0887	89.3617	14	1.6
14	indigna	7	1	0.0887	89.4504	14	1.6
14	genere	6	1	0.0887	89.539	14	1.6
14	nostro	6	1	0.0887	89.6277	14	1.6
14	perdi	5	1	0.0887	89.7163	14	1.6
14	vitam	5	1	0.0887	89.805	14	1.6
14	habuit	6	1	0.0887	89.8936	14	1.6
14	otiumst	7	1	0.0887	89.9823	14	1.6
14	unde	4	1	0.0887	90.0709	14	1.6
14	disceret	8	1	0.0887	90.1596	14	1.6
14	callide	7	1	0.0887	90.2482	14	1.6
14	istaec	6	1	0.0887	90.3369	14	1.6
14	res	3	1	0.0887	90.4255	14	1.6
14	probissime	10	1	0.0887	90.5142	14	1.6
14	illud	5	1	0.0887	90.6028	14	1.6
14	memento	7	1	0.0887	90.6915	14	1.6
14	haecin	6	1	0.0887	90.7801	14	1.6
14	agas	4	1	0.0887	90.8688	14	1.6
14	nequior	7	1	0.0887	90.9574	14	1.6
14	tanto	5	1	0.0887	91.0461	14	1.6
14	mentemst	8	1	0.0887	91.1348	14	1.6
14	nilne	5	1	0.0887	91.2234	14	1.6
14	rectius	7	1	0.0887	91.3121	14	1.6
14	potis	5	1	0.0887	91.4007	14	1.6
14	siqui	5	1	0.0887	91.4894	14	1.6
14	istoc	5	1	0.0887	91.578	14	1.6
14	operis	6	1	0.0887	91.6667	14	1.6
14	villamst	8	1	0.0887	91.7553	14	1.6
14	obtemperat	10	1	0.0887	91.844	14	1.6
14	nemo	4	1	0.0887	91.9326	14	1.6
14	praecipias	10	1	0.0887	92.0213	14	1.6
14	siquid	6	1	0.0887	92.1099	14	1.6
14	geras	5	1	0.0887	92.1986	14	1.6
14	possum	6	1	0.0887	92.2872	14	1.6
14	inspicere	9	1	0.0887	92.3759	14	1.6
14	pro	3	1	0.0887	92.4645	14	1.6
14	mea	3	1	0.0887	92.5532	14	1.6
14	postremo	8	1	0.0887	92.6418	14	1.6
14	tamquam	7	1	0.0887	92.7305	14	1.6
14	speculum	8	1	0.0887	92.8191	14	1.6
14	patinas	7	1	0.0887	92.9078	14	1.6
14	iubeo	5	1	0.0887	92.9965	14	1.6
14	homost	6	1	0.0887	93.0851	14	1.6
14	facto	5	1	0.0887	93.1738	14	1.6
14	usu	3	1	0.0887	93.2624	14	1.6
14	nos	3	1	0.0887	93.3511	14	1.6
14	facimus	7	1	0.0887	93.4397	14	1.6
14	sentio	6	1	0.0887	93.5284	14	1.6
14	facias	6	1	0.0887	93.617	14	1.6
14	flagitia	8	1	0.0887	93.7057	14	1.6
14	aeschine	8	1	0.0887	93.7943	14	1.6
14	sinito	6	1	0.0887	93.883	14	1.6
14	modost	6	1	0.0887	93.9716	14	1.6
14	vos	3	1	0.0887	94.0603	14	1.6
14	inter	5	1	0.0887	94.1489	14	1.6
14	nimium	6	1	0.0887	94.2376	14	1.6
14	prava	5	1	0.0887	94.3262	14	1.6
14	facilitas	9	1	0.0887	94.4149	14	1.6
14	patris	6	1	0.0887	94.5035	14	1.6
14	lenitas	7	1	0.0887	94.5922	14	1.6
14	dementia	8	1	0.0887	94.6809	14	1.6
14	intus	5	1	0.0887	94.7695	14	1.6
14	ellam	5	1	0.0887	94.8582	14	1.6
14	prospicere	10	1	0.0887	94.9468	14	1.6
14	sunt	4	1	0.0887	95.0355	14	1.6
14	futura	6	1	0.0887	95.1241	14	1.6
14	videre	6	1	0.0887	95.2128	14	1.6
14	pedes	5	1	0.0887	95.3014	14	1.6
14	praesens	8	1	0.0887	95.3901	14	1.6
14	placent	7	1	0.0887	95.4787	14	1.6
14	ludere	6	1	0.0887	95.5674	14	1.6
14	tantisper	9	1	0.0887	95.656	14	1.6
14	venero	6	1	0.0887	95.7447	14	1.6
14	exossabitur	11	1	0.0887	95.8333	14	1.6
14	nolo	4	1	0.0887	95.922	14	1.6
14	miquidem	8	1	0.0887	96.0106	14	1.6
14	clamo	5	1	0.0887	96.0993	14	1.6
14	ante	4	1	0.0887	96.1879	14	1.6
14	saepe	5	1	0.0887	96.2766	14	1.6
14	salsamenta	10	1	0.0887	96.3652	14	1.6
14	stephanio	9	1	0.0887	96.4539	14	1.6
14	fac	3	1	0.0887	96.5426	14	1.6
14	macerentur	10	1	0.0887	96.6312	14	1.6
14	sapere	6	1	0.0887	96.7199	14	1.6
14	ades	4	1	0.0887	96.8085	14	1.6
14	dico	4	1	0.0887	96.8972	14	1.6
14	clamare	7	1	0.0887	96.9858	14	1.6
14	psaltria	8	1	0.0887	97.0745	14	1.6
14	iratum	6	1	0.0887	97.1631	14	1.6
14	admodum	7	1	0.0887	97.2518	14	1.6
14	adortust	8	1	0.0887	97.3404	14	1.6
14	iurgio	6	1	0.0887	97.4291	14	1.6
14	fratrem	7	1	0.0887	97.5177	14	1.6
14	forum	5	1	0.0887	97.6064	14	1.6
14	istac	5	1	0.0887	97.695	14	1.6
14	oh	2	1	0.0887	97.7837	14	1.6
14	reticuit	8	1	0.0887	97.8723	14	1.6
14	numerabatur	11	1	0.0887	97.961	14	1.6
14	forte	5	1	0.0887	98.0496	14	1.6
14	intervenit	10	1	0.0887	98.1383	14	1.6
14	inproviso	9	1	0.0887	98.227	14	1.6
14	coepit	6	1	0.0887	98.3156	14	1.6
14	produxi	7	1	0.0887	98.4043	14	1.6
14	arbitror	8	1	0.0887	98.4929	14	1.6
14	pernimium	9	1	0.0887	98.5816	14	1.6
14	vero	4	1	0.0887	98.6702	14	1.6
14	interest	8	1	0.0887	98.7589	14	1.6
14	quantu	6	1	0.0887	98.8475	14	1.6
14	quantus	7	1	0.0887	98.9362	14	1.6
14	ill	3	1	0.0887	99.0248	14	1.6
14	somnium	7	1	0.0887	99.1135	14	1.6
14	sineres	7	1	0.0887	99.2021	14	1.6
14	vigilantiam	11	1	0.0887	99.2908	14	1.6
14	agere	5	1	0.0887	99.3794	14	1.6
14	quisque	7	1	0.0887	99.4681	14	1.6
14	suom	4	1	0.0887	99.5567	14	1.6
14	itast	5	1	0.0887	99.6454	14	1.6
14	tuomne	6	1	0.0887	99.734	14	1.6
14	abigam	6	1	0.0887	99.8227	14	1.6
14	ruri	4	1	0.0887	99.9113	14	1.6
14	optume	6	1	0.0887	100	14	1.6
