rank	word	wordlength	count	frequenz(count*100/2266)	sum frequenz	zipf(rank*count)	zipf(max/rank)
1	quid	4	44	1.9417	1.9417	44	44
2	ut	2	40	1.7652	3.707	80	22
3	et	2	35	1.5446	5.2515	105	14.7
4	te	2	31	1.368	6.6196	124	11
5	in	2	25	1.1033	7.7229	125	8.8
6	est	3	22	0.9709	8.6937	132	7.3
7	ad	2	21	0.9267	9.6205	147	6.3
8	me	2	20	0.8826	10.5031	160	5.5
9	haec	4	19	0.8385	11.3416	171	4.9
9	ego	3	19	0.8385	12.1801	171	4.9
9	mihi	4	19	0.8385	13.0185	171	4.9
9	nunc	4	19	0.8385	13.857	171	4.9
10	tibi	4	17	0.7502	14.6072	170	4.4
11	id	2	16	0.7061	15.3133	176	4
12	si	2	15	0.662	15.9753	180	3.7
12	quod	4	15	0.662	16.6372	180	3.7
12	non	3	15	0.662	17.2992	180	3.7
12	hoc	3	15	0.662	17.9612	180	3.7
13	qui	3	14	0.6178	18.579	182	3.4
14	ita	3	13	0.5737	19.1527	182	3.1
15	hic	3	12	0.5296	19.6823	180	2.9
15	atque	5	12	0.5296	20.2118	180	2.9
16	quam	4	11	0.4854	20.6973	176	2.8
16	nil	3	11	0.4854	21.1827	176	2.8
16	esse	4	11	0.4854	21.6681	176	2.8
16	aut	3	11	0.4854	22.1536	176	2.8
17	quae	4	10	0.4413	22.5949	170	2.6
17	chreme	6	10	0.4413	23.0362	170	2.6
17	cum	3	10	0.4413	23.4775	170	2.6
17	tum	3	10	0.4413	23.9188	170	2.6
17	sed	3	10	0.4413	24.3601	170	2.6
18	ne	2	9	0.3972	24.7573	162	2.4
18	nam	3	9	0.3972	25.1545	162	2.4
19	quom	4	8	0.353	25.5075	152	2.3
19	tu	2	8	0.353	25.8605	152	2.3
19	re	2	8	0.353	26.2136	152	2.3
19	animum	6	8	0.353	26.5666	152	2.3
20	uxorem	6	7	0.3089	26.8756	140	2.2
20	intro	5	7	0.3089	27.1845	140	2.2
20	iam	3	7	0.3089	27.4934	140	2.2
20	sit	3	7	0.3089	27.8023	140	2.2
20	dave	4	7	0.3089	28.1112	140	2.2
20	num	3	7	0.3089	28.4201	140	2.2
20	oro	3	7	0.3089	28.729	140	2.2
20	dum	3	7	0.3089	29.038	140	2.2
20	quor	4	7	0.3089	29.3469	140	2.2
20	ea	2	7	0.3089	29.6558	140	2.2
20	sunt	4	7	0.3089	29.9647	140	2.2
21	adeo	4	6	0.2648	30.2295	126	2.1
21	nuptias	7	6	0.2648	30.4943	126	2.1
21	ab	2	6	0.2648	30.759	126	2.1
21	scio	4	6	0.2648	31.0238	126	2.1
21	omnia	5	6	0.2648	31.2886	126	2.1
21	ac	2	6	0.2648	31.5534	126	2.1
21	ex	2	6	0.2648	31.8182	126	2.1
21	hodie	5	6	0.2648	32.083	126	2.1
21	hem	3	6	0.2648	32.3477	126	2.1
22	age	3	5	0.2207	32.5684	110	2
22	hinc	4	5	0.2207	32.7891	110	2
22	gnatum	6	5	0.2207	33.0097	110	2
22	dudum	5	5	0.2207	33.2304	110	2
22	hac	3	5	0.2207	33.451	110	2
22	nuptiis	7	5	0.2207	33.6717	110	2
22	quia	4	5	0.2207	33.8923	110	2
22	causa	5	5	0.2207	34.113	110	2
22	huc	3	5	0.2207	34.3336	110	2
22	haud	4	5	0.2207	34.5543	110	2
22	hanc	4	5	0.2207	34.7749	110	2
22	ais	3	5	0.2207	34.9956	110	2
22	postquam	8	5	0.2207	35.2162	110	2
22	illis	5	5	0.2207	35.4369	110	2
22	abs	3	5	0.2207	35.6575	110	2
22	rem	3	5	0.2207	35.8782	110	2
22	filium	6	5	0.2207	36.0989	110	2
22	mi	2	5	0.2207	36.3195	110	2
22	immo	4	5	0.2207	36.5402	110	2
22	o	1	5	0.2207	36.7608	110	2
23	ibi	3	4	0.1765	36.9373	92	1.9
23	neque	5	4	0.1765	37.1139	92	1.9
23	pamphile	8	4	0.1765	37.2904	92	1.9
23	istuc	5	4	0.1765	37.4669	92	1.9
23	huius	5	4	0.1765	37.6434	92	1.9
23	tamen	5	4	0.1765	37.8199	92	1.9
23	volo	4	4	0.1765	37.9965	92	1.9
23	praeter	7	4	0.1765	38.173	92	1.9
23	eius	4	4	0.1765	38.3495	92	1.9
23	tandem	6	4	0.1765	38.526	92	1.9
23	postulo	7	4	0.1765	38.7026	92	1.9
23	an	2	4	0.1765	38.8791	92	1.9
23	ipsum	5	4	0.1765	39.0556	92	1.9
23	is	2	4	0.1765	39.2321	92	1.9
23	per	3	4	0.1765	39.4086	92	1.9
23	quicquam	8	4	0.1765	39.5852	92	1.9
23	interea	7	4	0.1765	39.7617	92	1.9
23	davo	4	4	0.1765	39.9382	92	1.9
23	quibus	6	4	0.1765	40.1147	92	1.9
23	una	3	4	0.1765	40.2913	92	1.9
23	sese	4	4	0.1765	40.4678	92	1.9
23	has	3	4	0.1765	40.6443	92	1.9
23	illi	4	4	0.1765	40.8208	92	1.9
23	quidem	6	4	0.1765	40.9974	92	1.9
23	nuptiae	7	4	0.1765	41.1739	92	1.9
23	davom	5	4	0.1765	41.3504	92	1.9
23	illud	5	4	0.1765	41.5269	92	1.9
23	meum	4	4	0.1765	41.7034	92	1.9
23	sic	3	4	0.1765	41.88	92	1.9
23	eho	3	4	0.1765	42.0565	92	1.9
23	erat	4	4	0.1765	42.233	92	1.9
23	dromo	5	4	0.1765	42.4095	92	1.9
24	i	1	3	0.1324	42.5419	72	1.8
24	forma	5	3	0.1324	42.6743	72	1.8
24	habere	6	3	0.1324	42.8067	72	1.8
24	esset	5	3	0.1324	42.9391	72	1.8
24	simul	5	3	0.1324	43.0715	72	1.8
24	amabant	7	3	0.1324	43.2039	72	1.8
24	dehinc	6	3	0.1324	43.3363	72	1.8
24	illam	5	3	0.1324	43.4687	72	1.8
24	habet	5	3	0.1324	43.6011	72	1.8
24	certe	5	3	0.1324	43.7335	72	1.8
24	fit	3	3	0.1324	43.8658	72	1.8
24	rape	4	3	0.1324	43.9982	72	1.8
24	quasi	5	3	0.1324	44.1306	72	1.8
24	vos	3	3	0.1324	44.263	72	1.8
24	dicere	6	3	0.1324	44.3954	72	1.8
24	dixti	5	3	0.1324	44.5278	72	1.8
24	credo	5	3	0.1324	44.6602	72	1.8
24	rogas	5	3	0.1324	44.7926	72	1.8
24	pamphilo	8	3	0.1324	44.925	72	1.8
24	ipsu	4	3	0.1324	45.0574	72	1.8
24	nunciam	7	3	0.1324	45.1898	72	1.8
24	quin	4	3	0.1324	45.3222	72	1.8
24	ubi	3	3	0.1324	45.4545	72	1.8
24	patris	6	3	0.1324	45.5869	72	1.8
24	consili	7	3	0.1324	45.7193	72	1.8
24	sum	3	3	0.1324	45.8517	72	1.8
24	dolis	5	3	0.1324	45.9841	72	1.8
24	itane	5	3	0.1324	46.1165	72	1.8
24	ergo	4	3	0.1324	46.2489	72	1.8
24	fiant	5	3	0.1324	46.3813	72	1.8
24	gratia	6	3	0.1324	46.5137	72	1.8
24	huic	4	3	0.1324	46.6461	72	1.8
24	quem	4	3	0.1324	46.7785	72	1.8
24	vera	4	3	0.1324	46.9109	72	1.8
24	verbis	6	3	0.1324	47.0432	72	1.8
24	inter	5	3	0.1324	47.1756	72	1.8
24	chremes	7	3	0.1324	47.308	72	1.8
24	gnatam	6	3	0.1324	47.4404	72	1.8
24	filius	6	3	0.1324	47.5728	72	1.8
24	tam	3	3	0.1324	47.7052	72	1.8
24	hunc	4	3	0.1324	47.8376	72	1.8
24	etiam	5	3	0.1324	47.97	72	1.8
24	scies	5	3	0.1324	48.1024	72	1.8
24	dixi	4	3	0.1324	48.2348	72	1.8
24	his	3	3	0.1324	48.3672	72	1.8
24	bene	4	3	0.1324	48.4996	72	1.8
24	amorem	6	3	0.1324	48.632	72	1.8
24	glycerium	9	3	0.1324	48.7643	72	1.8
24	eum	3	3	0.1324	48.8967	72	1.8
24	pater	5	3	0.1324	49.0291	72	1.8
24	illo	4	3	0.1324	49.1615	72	1.8
24	res	3	3	0.1324	49.2939	72	1.8
24	pro	3	3	0.1324	49.4263	72	1.8
24	ipse	4	3	0.1324	49.5587	72	1.8
24	factum	6	3	0.1324	49.6911	72	1.8
24	opus	4	3	0.1324	49.8235	72	1.8
24	primum	6	3	0.1324	49.9559	72	1.8
24	vitam	5	3	0.1324	50.0883	72	1.8
24	a	1	3	0.1324	50.2207	72	1.8
24	se	2	3	0.1324	50.353	72	1.8
24	scis	4	3	0.1324	50.4854	72	1.8
24	feci	4	3	0.1324	50.6178	72	1.8
24	semper	6	3	0.1324	50.7502	72	1.8
24	facile	6	3	0.1324	50.8826	72	1.8
24	omnis	5	3	0.1324	51.015	72	1.8
24	audies	6	3	0.1324	51.1474	72	1.8
24	sine	4	3	0.1324	51.2798	72	1.8
24	eorum	5	3	0.1324	51.4122	72	1.8
24	omnes	5	3	0.1324	51.5446	72	1.8
24	sosia	5	3	0.1324	51.677	72	1.8
25	ipsa	4	2	0.0883	51.7652	50	1.8
25	datur	5	2	0.0883	51.8535	50	1.8
25	indicat	7	2	0.0883	51.9417	50	1.8
25	tuam	4	2	0.0883	52.03	50	1.8
25	vide	4	2	0.0883	52.1183	50	1.8
25	consilium	9	2	0.0883	52.2065	50	1.8
25	propter	7	2	0.0883	52.2948	50	1.8
25	illa	4	2	0.0883	52.3831	50	1.8
25	gnati	5	2	0.0883	52.4713	50	1.8
25	modo	4	2	0.0883	52.5596	50	1.8
25	nisi	4	2	0.0883	52.6478	50	1.8
25	fuerant	7	2	0.0883	52.7361	50	1.8
25	inde	4	2	0.0883	52.8244	50	1.8
25	tute	4	2	0.0883	52.9126	50	1.8
25	futurae	7	2	0.0883	53.0009	50	1.8
25	fiat	4	2	0.0883	53.0891	50	1.8
25	obiurgandum	11	2	0.0883	53.1774	50	1.8
25	periclo	7	2	0.0883	53.2657	50	1.8
25	eo	2	2	0.0883	53.3539	50	1.8
25	denique	7	2	0.0883	53.4422	50	1.8
25	principio	9	2	0.0883	53.5305	50	1.8
25	pacto	5	2	0.0883	53.6187	50	1.8
25	malist	6	2	0.0883	53.707	50	1.8
25	sati	4	2	0.0883	53.7952	50	1.8
25	em	2	2	0.0883	53.8835	50	1.8
25	unicam	6	2	0.0883	53.9718	50	1.8
25	summa	5	2	0.0883	54.06	50	1.8
25	placuit	7	2	0.0883	54.1483	50	1.8
25	audiam	6	2	0.0883	54.2365	50	1.8
25	faciunt	7	2	0.0883	54.3248	50	1.8
25	ob	2	2	0.0883	54.4131	50	1.8
25	dies	4	2	0.0883	54.5013	50	1.8
25	credere	7	2	0.0883	54.5896	50	1.8
25	sino	4	2	0.0883	54.6778	50	1.8
25	maxume	6	2	0.0883	54.7661	50	1.8
25	interim	7	2	0.0883	54.8544	50	1.8
25	igitur	6	2	0.0883	54.9426	50	1.8
25	familiariter	12	2	0.0883	55.0309	50	1.8
25	faciet	6	2	0.0883	55.1192	50	1.8
25	velim	5	2	0.0883	55.2074	50	1.8
25	funus	5	2	0.0883	55.2957	50	1.8
25	iussi	5	2	0.0883	55.3839	50	1.8
25	tune	4	2	0.0883	55.4722	50	1.8
25	dicam	5	2	0.0883	55.5605	50	1.8
25	potestas	8	2	0.0883	55.6487	50	1.8
25	ceteras	7	2	0.0883	55.737	50	1.8
25	honesta	7	2	0.0883	55.8252	50	1.8
25	liberali	8	2	0.0883	55.9135	50	1.8
25	idem	4	2	0.0883	56.0018	50	1.8
25	audin	5	2	0.0883	56.09	50	1.8
25	eadem	5	2	0.0883	56.1783	50	1.8
25	lacrumae	8	2	0.0883	56.2665	50	1.8
25	quantum	7	2	0.0883	56.3548	50	1.8
25	ignem	5	2	0.0883	56.4431	50	1.8
25	obviam	6	2	0.0883	56.5313	50	1.8
25	incepta	7	2	0.0883	56.6196	50	1.8
25	facias	6	2	0.0883	56.7079	50	1.8
25	peperisse	9	2	0.0883	56.7961	50	1.8
25	faceres	7	2	0.0883	56.8844	50	1.8
25	sibi	4	2	0.0883	56.9726	50	1.8
25	fallere	7	2	0.0883	57.0609	50	1.8
25	aegrotum	8	2	0.0883	57.1492	50	1.8
25	nempe	5	2	0.0883	57.2374	50	1.8
25	aperte	6	2	0.0883	57.3257	50	1.8
25	intu	4	2	0.0883	57.4139	50	1.8
25	quo	3	2	0.0883	57.5022	50	1.8
25	quas	4	2	0.0883	57.5905	50	1.8
25	velle	5	2	0.0883	57.6787	50	1.8
25	falli	5	2	0.0883	57.767	50	1.8
25	ante	4	2	0.0883	57.8553	50	1.8
25	eam	3	2	0.0883	57.9435	50	1.8
25	video	5	2	0.0883	58.0318	50	1.8
25	chremetem	9	2	0.0883	58.12	50	1.8
25	impetro	7	2	0.0883	58.2083	50	1.8
25	aliud	5	2	0.0883	58.2966	50	1.8
25	mora	4	2	0.0883	58.3848	50	1.8
25	opu	3	2	0.0883	58.4731	50	1.8
25	paucis	6	2	0.0883	58.5613	50	1.8
25	adeon	5	2	0.0883	58.6496	50	1.8
25	audio	5	2	0.0883	58.7379	50	1.8
25	quidnamst	9	2	0.0883	58.8261	50	1.8
25	quidnam	7	2	0.0883	58.9144	50	1.8
25	rei	3	2	0.0883	59.0026	50	1.8
25	tulit	5	2	0.0883	59.0909	50	1.8
25	tempus	6	2	0.0883	59.1792	50	1.8
25	deos	4	2	0.0883	59.2674	50	1.8
25	spero	5	2	0.0883	59.3557	50	1.8
25	quaeris	7	2	0.0883	59.444	50	1.8
25	pretium	7	2	0.0883	59.5322	50	1.8
25	civem	5	2	0.0883	59.6205	50	1.8
25	eccum	5	2	0.0883	59.7087	50	1.8
25	magis	5	2	0.0883	59.797	50	1.8
25	merito	6	2	0.0883	59.8853	50	1.8
25	gnato	5	2	0.0883	59.9735	50	1.8
25	sensero	7	2	0.0883	60.0618	50	1.8
25	eveniat	7	2	0.0883	60.15	50	1.8
25	gnatu	5	2	0.0883	60.2383	50	1.8
25	propterea	9	2	0.0883	60.3266	50	1.8
25	pollicitust	11	2	0.0883	60.4148	50	1.8
25	dixit	5	2	0.0883	60.5031	50	1.8
25	noram	5	2	0.0883	60.5914	50	1.8
25	eamu	4	2	0.0883	60.6796	50	1.8
25	dubiumst	8	2	0.0883	60.7679	50	1.8
25	nolit	5	2	0.0883	60.8561	50	1.8
25	sensi	5	2	0.0883	60.9444	50	1.8
25	audivit	7	2	0.0883	61.0327	50	1.8
25	foras	5	2	0.0883	61.1209	50	1.8
25	at	2	2	0.0883	61.2092	50	1.8
25	capere	6	2	0.0883	61.2974	50	1.8
25	unde	4	2	0.0883	61.3857	50	1.8
25	carnufex	8	2	0.0883	61.474	50	1.8
25	istaec	6	2	0.0883	61.5622	50	1.8
25	enim	4	2	0.0883	61.6505	50	1.8
25	antehac	7	2	0.0883	61.7387	50	1.8
25	venit	5	2	0.0883	61.827	50	1.8
25	agis	4	2	0.0883	61.9153	50	1.8
25	satis	5	2	0.0883	62.0035	50	1.8
25	quis	4	2	0.0883	62.0918	50	1.8
25	ille	4	2	0.0883	62.1801	50	1.8
25	egomet	6	2	0.0883	62.2683	50	1.8
25	die	3	2	0.0883	62.3566	50	1.8
25	omnium	6	2	0.0883	62.4448	50	1.8
25	potest	6	2	0.0883	62.5331	50	1.8
25	item	4	2	0.0883	62.6214	50	1.8
25	pamphilus	9	2	0.0883	62.7096	50	1.8
25	posse	5	2	0.0883	62.7979	50	1.8
25	vir	3	2	0.0883	62.8861	50	1.8
25	chrysidem	9	2	0.0883	62.9744	50	1.8
25	pamphilum	9	2	0.0883	63.0627	50	1.8
25	aetate	6	2	0.0883	63.1509	50	1.8
25	gaudebam	8	2	0.0883	63.2392	50	1.8
25	forte	5	2	0.0883	63.3274	50	1.8
25	numquam	7	2	0.0883	63.4157	50	1.8
25	enimvero	8	2	0.0883	63.504	50	1.8
25	putabam	7	2	0.0883	63.5922	50	1.8
25	heus	4	2	0.0883	63.6805	50	1.8
25	olim	4	2	0.0883	63.7688	50	1.8
25	accessit	8	2	0.0883	63.857	50	1.8
25	verbum	6	2	0.0883	63.9453	50	1.8
25	dic	3	2	0.0883	64.0335	50	1.8
25	dicat	5	2	0.0883	64.1218	50	1.8
25	animus	6	2	0.0883	64.2101	50	1.8
26	excrucio	8	1	0.0441	64.2542	26	1.7
26	graviu	6	1	0.0441	64.2983	26	1.7
26	possiet	7	1	0.0441	64.3425	26	1.7
26	dici	4	1	0.0441	64.3866	26	1.7
26	ain	3	1	0.0441	64.4307	26	1.7
26	unum	4	1	0.0441	64.4748	26	1.7
26	credundum	9	1	0.0441	64.519	26	1.7
26	neminem	7	1	0.0441	64.5631	26	1.7
26	sycophanta	10	1	0.0441	64.6072	26	1.7
26	fabulam	7	1	0.0441	64.6514	26	1.7
26	intellexeras	12	1	0.0441	64.6955	26	1.7
26	praedicant	10	1	0.0441	64.7396	26	1.7
26	civi	4	1	0.0441	64.7838	26	1.7
26	mihin	5	1	0.0441	64.8279	26	1.7
26	multimodis	10	1	0.0441	64.872	26	1.7
26	interminatu	11	1	0.0441	64.9162	26	1.7
26	istam	5	1	0.0441	64.9603	26	1.7
26	veritus	7	1	0.0441	65.0044	26	1.7
26	credon	6	1	0.0441	65.0485	26	1.7
26	cogitat	7	1	0.0441	65.0927	26	1.7
26	e	1	1	0.0441	65.1368	26	1.7
26	taces	5	1	0.0441	65.1809	26	1.7
26	quisquam	8	1	0.0441	65.2251	26	1.7
26	falso	5	1	0.0441	65.2692	26	1.7
26	confidentiam	12	1	0.0441	65.3133	26	1.7
26	ingentem	8	1	0.0441	65.3575	26	1.7
26	inrideor	8	1	0.0441	65.4016	26	1.7
26	pudet	5	1	0.0441	65.4457	26	1.7
26	credi	5	1	0.0441	65.4898	26	1.7
26	glyceriumst	11	1	0.0441	65.534	26	1.7
26	egon	4	1	0.0441	65.5781	26	1.7
26	inceptat	8	1	0.0441	65.6222	26	1.7
26	extemplo	8	1	0.0441	65.6664	26	1.7
26	senectutem	10	1	0.0441	65.7105	26	1.7
26	abi	3	1	0.0441	65.7546	26	1.7
26	miseret	7	1	0.0441	65.7988	26	1.7
26	conveniam	9	1	0.0441	65.8429	26	1.7
26	amentia	7	1	0.0441	65.887	26	1.7
26	orabo	5	1	0.0441	65.9312	26	1.7
26	alias	5	1	0.0441	65.9753	26	1.7
26	malim	5	1	0.0441	66.0194	26	1.7
26	fieri	5	1	0.0441	66.0635	26	1.7
26	adtemperate	11	1	0.0441	66.1077	26	1.7
26	mei	3	1	0.0441	66.1518	26	1.7
26	possim	6	1	0.0441	66.1959	26	1.7
26	tantum	6	1	0.0441	66.2401	26	1.7
26	nonne	5	1	0.0441	66.2842	26	1.7
26	cogere	6	1	0.0441	66.3283	26	1.7
26	ipso	4	1	0.0441	66.3725	26	1.7
26	tempore	7	1	0.0441	66.4166	26	1.7
26	pietatem	8	1	0.0441	66.4607	26	1.7
26	bonus	5	1	0.0441	66.5049	26	1.7
26	conglutinas	11	1	0.0441	66.549	26	1.7
26	patrem	6	1	0.0441	66.5931	26	1.7
26	iubeo	5	1	0.0441	66.6372	26	1.7
26	chremem	7	1	0.0441	66.6814	26	1.7
26	evenit	6	1	0.0441	66.7255	26	1.7
26	macero	6	1	0.0441	66.7696	26	1.7
26	crederem	8	1	0.0441	66.8138	26	1.7
26	opperire	8	1	0.0441	66.8579	26	1.7
26	meam	4	1	0.0441	66.902	26	1.7
26	resciverim	10	1	0.0441	66.9462	26	1.7
26	parato	6	1	0.0441	66.9903	26	1.7
26	para	4	1	0.0441	67.0344	26	1.7
26	vero	4	1	0.0441	67.0786	26	1.7
26	ecquid	6	1	0.0441	67.1227	26	1.7
26	inpulit	7	1	0.0441	67.1668	26	1.7
26	omnino	6	1	0.0441	67.2109	26	1.7
26	veniret	7	1	0.0441	67.2551	26	1.7
26	laborem	7	1	0.0441	67.2992	26	1.7
26	exi	3	1	0.0441	67.3433	26	1.7
26	sint	4	1	0.0441	67.3875	26	1.7
26	parvi	5	1	0.0441	67.4316	26	1.7
26	pendo	5	1	0.0441	67.4757	26	1.7
26	multo	5	1	0.0441	67.5199	26	1.7
26	talem	5	1	0.0441	67.564	26	1.7
26	maxumumst	9	1	0.0441	67.6081	26	1.7
26	ipsis	5	1	0.0441	67.6523	26	1.7
26	sollicito	9	1	0.0441	67.6964	26	1.7
26	edixin	6	1	0.0441	67.7405	26	1.7
26	adducti	7	1	0.0441	67.7846	26	1.7
26	videar	6	1	0.0441	67.8288	26	1.7
26	sui	3	1	0.0441	67.8729	26	1.7
26	simulant	8	1	0.0441	67.917	26	1.7
26	modone	6	1	0.0441	67.9612	26	1.7
26	probro	6	1	0.0441	68.0053	26	1.7
26	summo	5	1	0.0441	68.0494	26	1.7
26	studeat	7	1	0.0441	68.0936	26	1.7
26	scilicet	8	1	0.0441	68.1377	26	1.7
26	parere	6	1	0.0441	68.1818	26	1.7
26	voluntatem	10	1	0.0441	68.2259	26	1.7
26	absterreant	11	1	0.0441	68.2701	26	1.7
26	vere	4	1	0.0441	68.3142	26	1.7
26	adfertur	8	1	0.0441	68.3583	26	1.7
26	hui	3	1	0.0441	68.4025	26	1.7
26	cito	4	1	0.0441	68.4466	26	1.7
26	ridiculum	9	1	0.0441	68.4907	26	1.7
26	accidit	7	1	0.0441	68.5349	26	1.7
26	ostium	6	1	0.0441	68.579	26	1.7
26	stare	5	1	0.0441	68.6231	26	1.7
26	adproperat	10	1	0.0441	68.6673	26	1.7
26	sat	3	1	0.0441	68.7114	26	1.7
26	gratiam	7	1	0.0441	68.7555	26	1.7
26	commode	7	1	0.0441	68.7996	26	1.7
26	fallacia	8	1	0.0441	68.8438	26	1.7
26	stolidu	7	1	0.0441	68.8879	26	1.7
26	legem	5	1	0.0441	68.932	26	1.7
26	iubes	5	1	0.0441	68.9762	26	1.7
26	illic	5	1	0.0441	69.0203	26	1.7
26	maiu	4	1	0.0441	69.0644	26	1.7
26	cuperes	7	1	0.0441	69.1086	26	1.7
26	tuom	4	1	0.0441	69.1527	26	1.7
26	caput	5	1	0.0441	69.1968	26	1.7
26	andriast	8	1	0.0441	69.241	26	1.7
26	ancilla	7	1	0.0441	69.2851	26	1.7
26	dicit	5	1	0.0441	69.3292	26	1.7
26	induxti	7	1	0.0441	69.3733	26	1.7
26	iuppiter	8	1	0.0441	69.4175	26	1.7
26	eodem	5	1	0.0441	69.4616	26	1.7
26	actumst	7	1	0.0441	69.5057	26	1.7
26	siquidem	8	1	0.0441	69.5499	26	1.7
26	praedicat	9	1	0.0441	69.594	26	1.7
26	sensti	6	1	0.0441	69.6381	26	1.7
26	demens	6	1	0.0441	69.6823	26	1.7
26	peregrina	9	1	0.0441	69.7264	26	1.7
26	demum	5	1	0.0441	69.7705	26	1.7
26	transferri	10	1	0.0441	69.8147	26	1.7
26	ah	2	1	0.0441	69.8588	26	1.7
26	vix	3	1	0.0441	69.9029	26	1.7
26	divisa	6	1	0.0441	69.947	26	1.7
26	temporibu	9	1	0.0441	69.9912	26	1.7
26	metui	5	1	0.0441	70.0353	26	1.7
26	contemnor	9	1	0.0441	70.0794	26	1.7
26	usquam	6	1	0.0441	70.1236	26	1.7
26	clamat	6	1	0.0441	70.1677	26	1.7
26	de	2	1	0.0441	70.2118	26	1.7
26	via	3	1	0.0441	70.256	26	1.7
26	signum	6	1	0.0441	70.3001	26	1.7
26	gaudere	7	1	0.0441	70.3442	26	1.7
26	pudori	6	1	0.0441	70.3883	26	1.7
26	nos	3	1	0.0441	70.4325	26	1.7
26	itan	4	1	0.0441	70.4766	26	1.7
26	gaudeo	6	1	0.0441	70.5207	26	1.7
26	egressast	9	1	0.0441	70.5649	26	1.7
26	idoneus	7	1	0.0441	70.609	26	1.7
26	color	5	1	0.0441	70.6531	26	1.7
26	videor	6	1	0.0441	70.6973	26	1.7
26	piget	5	1	0.0441	70.7414	26	1.7
26	incipias	8	1	0.0441	70.7855	26	1.7
26	inveniri	8	1	0.0441	70.8297	26	1.7
26	saltem	6	1	0.0441	70.8738	26	1.7
26	accurate	8	1	0.0441	70.9179	26	1.7
26	pericli	7	1	0.0441	70.962	26	1.7
26	facti	5	1	0.0441	71.0062	26	1.7
26	inpotenti	9	1	0.0441	71.0503	26	1.7
26	animo	5	1	0.0441	71.0944	26	1.7
26	inmemores	9	1	0.0441	71.1386	26	1.7
26	portu	5	1	0.0441	71.1827	26	1.7
26	discipuli	9	1	0.0441	71.2268	26	1.7
26	hicin	5	1	0.0441	71.271	26	1.7
26	inparatum	9	1	0.0441	71.3151	26	1.7
26	veris	5	1	0.0441	71.3592	26	1.7
26	adortus	7	1	0.0441	71.4034	26	1.7
26	quos	4	1	0.0441	71.4475	26	1.7
26	ludos	5	1	0.0441	71.4916	26	1.7
26	redderet	8	1	0.0441	71.5357	26	1.7
26	redduxit	8	1	0.0441	71.5799	26	1.7
26	navigo	6	1	0.0441	71.624	26	1.7
26	civium	6	1	0.0441	71.6681	26	1.7
26	vel	3	1	0.0441	71.7123	26	1.7
26	credat	6	1	0.0441	71.7564	26	1.7
26	norit	5	1	0.0441	71.8005	26	1.7
26	iamdudum	8	1	0.0441	71.8447	26	1.7
26	ortum	5	1	0.0441	71.8888	26	1.7
26	imperabat	9	1	0.0441	71.9329	26	1.7
26	coram	5	1	0.0441	71.9771	26	1.7
26	facto	5	1	0.0441	72.0212	26	1.7
26	morem	5	1	0.0441	72.0653	26	1.7
26	puerperae	9	1	0.0441	72.1094	26	1.7
26	ausculta	8	1	0.0441	72.1536	26	1.7
26	vivo	4	1	0.0441	72.1977	26	1.7
26	pauca	5	1	0.0441	72.2418	26	1.7
26	opportune	9	1	0.0441	72.286	26	1.7
26	domus	5	1	0.0441	72.3301	26	1.7
26	simulavi	8	1	0.0441	72.3742	26	1.7
26	pertemptarem	12	1	0.0441	72.4184	26	1.7
26	advenis	7	1	0.0441	72.4625	26	1.7
26	audi	4	1	0.0441	72.5066	26	1.7
26	paratus	7	1	0.0441	72.5508	26	1.7
26	ire	3	1	0.0441	72.5949	26	1.7
26	negotist	8	1	0.0441	72.639	26	1.7
26	narro	5	1	0.0441	72.6831	26	1.7
26	inpune	6	1	0.0441	72.7273	26	1.7
26	narrasti	8	1	0.0441	72.7714	26	1.7
26	det	3	1	0.0441	72.8155	26	1.7
26	vixque	6	1	0.0441	72.8597	26	1.7
26	exoro	5	1	0.0441	72.9038	26	1.7
26	men	3	1	0.0441	72.9479	26	1.7
26	nullast	7	1	0.0441	72.9921	26	1.7
26	quoniam	7	1	0.0441	73.0362	26	1.7
26	solu	4	1	0.0441	73.0803	26	1.7
26	uxor	4	1	0.0441	73.1244	26	1.7
26	fidem	5	1	0.0441	73.1686	26	1.7
26	habeo	5	1	0.0441	73.2127	26	1.7
26	istic	5	1	0.0441	73.2568	26	1.7
26	solet	5	1	0.0441	73.301	26	1.7
26	miser	5	1	0.0441	73.3451	26	1.7
26	inperitos	9	1	0.0441	73.3892	26	1.7
26	veritu	6	1	0.0441	73.4334	26	1.7
26	crucior	7	1	0.0441	73.4775	26	1.7
26	adulescentulos	14	1	0.0441	73.5216	26	1.7
26	volgu	5	1	0.0441	73.5658	26	1.7
26	servorum	8	1	0.0441	73.6099	26	1.7
26	pamphilu	8	1	0.0441	73.654	26	1.7
26	anne	4	1	0.0441	73.6981	26	1.7
26	rogem	5	1	0.0441	73.7423	26	1.7
26	propemodum	10	1	0.0441	73.7864	26	1.7
26	deluderes	9	1	0.0441	73.8305	26	1.7
26	homines	7	1	0.0441	73.8747	26	1.7
26	amat	4	1	0.0441	73.9188	26	1.7
26	credidi	7	1	0.0441	73.9629	26	1.7
26	idque	5	1	0.0441	74.0071	26	1.7
26	vivat	5	1	0.0441	74.0512	26	1.7
26	metuens	7	1	0.0441	74.0953	26	1.7
26	celavi	6	1	0.0441	74.1395	26	1.7
26	indigeas	8	1	0.0441	74.1836	26	1.7
26	effecisti	9	1	0.0441	74.2277	26	1.7
26	comperiar	9	1	0.0441	74.2718	26	1.7
26	evocate	7	1	0.0441	74.316	26	1.7
26	viceris	7	1	0.0441	74.3601	26	1.7
26	curasti	7	1	0.0441	74.4042	26	1.7
26	erit	4	1	0.0441	74.4484	26	1.7
26	bone	4	1	0.0441	74.4925	26	1.7
26	adempta	7	1	0.0441	74.5366	26	1.7
26	dices	5	1	0.0441	74.5808	26	1.7
26	desinent	8	1	0.0441	74.6249	26	1.7
26	patre	5	1	0.0441	74.669	26	1.7
26	facturas	8	1	0.0441	74.7132	26	1.7
26	praedixit	9	1	0.0441	74.7573	26	1.7
26	salve	5	1	0.0441	74.8014	26	1.7
26	invito	6	1	0.0441	74.8455	26	1.7
26	adloqui	7	1	0.0441	74.8897	26	1.7
26	nescio	6	1	0.0441	74.9338	26	1.7
26	dicant	6	1	0.0441	74.9779	26	1.7
26	oblitus	7	1	0.0441	75.0221	26	1.7
26	volui	5	1	0.0441	75.0662	26	1.7
26	cesso	5	1	0.0441	75.1103	26	1.7
26	egreditur	9	1	0.0441	75.1545	26	1.7
26	scelus	6	1	0.0441	75.1986	26	1.7
26	quemnam	7	1	0.0441	75.2427	26	1.7
26	probe	5	1	0.0441	75.2868	26	1.7
26	ficta	5	1	0.0441	75.331	26	1.7
26	corrigere	9	1	0.0441	75.3751	26	1.7
26	inventi	7	1	0.0441	75.4192	26	1.7
26	cupio	5	1	0.0441	75.4634	26	1.7
26	porro	5	1	0.0441	75.5075	26	1.7
26	enitere	7	1	0.0441	75.5516	26	1.7
26	quidvis	7	1	0.0441	75.5958	26	1.7
26	potes	5	1	0.0441	75.6399	26	1.7
26	inritatus	9	1	0.0441	75.684	26	1.7
26	adducas	7	1	0.0441	75.7282	26	1.7
26	ibo	3	1	0.0441	75.7723	26	1.7
26	liberi	6	1	0.0441	75.8164	26	1.7
26	beneficium	10	1	0.0441	75.8605	26	1.7
26	nuptiarum	9	1	0.0441	75.9047	26	1.7
26	initum	6	1	0.0441	75.9488	26	1.7
26	comprobes	9	1	0.0441	75.9929	26	1.7
26	inducas	7	1	0.0441	76.0371	26	1.7
26	respondes	9	1	0.0441	76.0812	26	1.7
26	abest	5	1	0.0441	76.1253	26	1.7
26	sane	4	1	0.0441	76.1695	26	1.7
26	utilest	7	1	0.0441	76.2136	26	1.7
26	illum	5	1	0.0441	76.2577	26	1.7
26	deterrumum	10	1	0.0441	76.3019	26	1.7
26	exire	5	1	0.0441	76.346	26	1.7
26	verba	5	1	0.0441	76.3901	26	1.7
26	amores	6	1	0.0441	76.4342	26	1.7
26	magnae	6	1	0.0441	76.4784	26	1.7
26	ni	2	1	0.0441	76.5225	26	1.7
26	sollicitando	12	1	0.0441	76.5666	26	1.7
26	inlicis	7	1	0.0441	76.6108	26	1.7
26	adservandum	11	1	0.0441	76.6549	26	1.7
26	cura	4	1	0.0441	76.699	26	1.7
26	moneat	6	1	0.0441	76.7432	26	1.7
26	inquam	6	1	0.0441	76.7873	26	1.7
26	irae	4	1	0.0441	76.8314	26	1.7
26	lubet	5	1	0.0441	76.8756	26	1.7
26	sperem	6	1	0.0441	76.9197	26	1.7
26	pollicitando	12	1	0.0441	76.9638	26	1.7
26	avelli	6	1	0.0441	77.0079	26	1.7
26	profecto	8	1	0.0441	77.0521	26	1.7
26	dumque	6	1	0.0441	77.0962	26	1.7
26	lubido	6	1	0.0441	77.1403	26	1.7
26	occlusast	9	1	0.0441	77.1845	26	1.7
26	contumeliis	11	1	0.0441	77.2286	26	1.7
26	priu	4	1	0.0441	77.2727	26	1.7
26	harum	5	1	0.0441	77.3169	26	1.7
26	scelera	7	1	0.0441	77.361	26	1.7
26	supplicium	10	1	0.0441	77.4051	26	1.7
26	postulem	8	1	0.0441	77.4492	26	1.7
26	redducunt	9	1	0.0441	77.4934	26	1.7
26	perque	6	1	0.0441	77.5375	26	1.7
26	erum	4	1	0.0441	77.5816	26	1.7
26	ostendam	8	1	0.0441	77.6258	26	1.7
26	nostram	7	1	0.0441	77.6699	26	1.7
26	meretricios	11	1	0.0441	77.714	26	1.7
26	amicitiam	9	1	0.0441	77.7582	26	1.7
26	lactas	6	1	0.0441	77.8023	26	1.7
26	laudat	6	1	0.0441	77.8464	26	1.7
26	parvis	6	1	0.0441	77.8906	26	1.7
26	adcrevit	8	1	0.0441	77.9347	26	1.7
26	pol	3	1	0.0441	77.9788	26	1.7
26	peccatis	8	1	0.0441	78.0229	26	1.7
26	constringito	12	1	0.0441	78.0671	26	1.7
26	quoius	6	1	0.0441	78.1112	26	1.7
26	servandi	8	1	0.0441	78.1553	26	1.7
26	animos	6	1	0.0441	78.1995	26	1.7
26	adiuves	7	1	0.0441	78.2436	26	1.7
26	uti	3	1	0.0441	78.2877	26	1.7
26	quadrupedem	11	1	0.0441	78.3319	26	1.7
26	vinctum	7	1	0.0441	78.376	26	1.7
26	itaque	6	1	0.0441	78.4201	26	1.7
26	confictae	9	1	0.0441	78.4643	26	1.7
26	misericordiam	13	1	0.0441	78.5084	26	1.7
26	rerum	5	1	0.0441	78.5525	26	1.7
26	inimicitias	11	1	0.0441	78.5966	26	1.7
26	generum	7	1	0.0441	78.6408	26	1.7
26	adportat	8	1	0.0441	78.6849	26	1.7
26	firmum	6	1	0.0441	78.729	26	1.7
26	fraudem	7	1	0.0441	78.7732	26	1.7
26	filiae	6	1	0.0441	78.8173	26	1.7
26	libere	6	1	0.0441	78.8614	26	1.7
26	invenies	8	1	0.0441	78.9056	26	1.7
26	virum	5	1	0.0441	78.9497	26	1.7
26	maxumi	6	1	0.0441	78.9938	26	1.7
26	intumust	8	1	0.0441	79.038	26	1.7
26	amico	5	1	0.0441	79.0821	26	1.7
26	consiliis	9	1	0.0441	79.1262	26	1.7
26	persuadet	9	1	0.0441	79.1703	26	1.7
26	eos	3	1	0.0441	79.2145	26	1.7
26	queam	5	1	0.0441	79.2586	26	1.7
26	maturem	7	1	0.0441	79.3027	26	1.7
26	censes	6	1	0.0441	79.3469	26	1.7
26	faceret	7	1	0.0441	79.391	26	1.7
26	sciret	6	1	0.0441	79.4351	26	1.7
26	eductos	7	1	0.0441	79.4793	26	1.7
26	restitueris	11	1	0.0441	79.5234	26	1.7
26	ait	3	1	0.0441	79.5675	26	1.7
26	demu	4	1	0.0441	79.6117	26	1.7
26	sublimem	8	1	0.0441	79.6558	26	1.7
26	sufferam	8	1	0.0441	79.6999	26	1.7
26	consuetudine	12	1	0.0441	79.744	26	1.7
26	coniugio	8	1	0.0441	79.7882	26	1.7
26	devinctum	9	1	0.0441	79.8323	26	1.7
26	emersurum	9	1	0.0441	79.8764	26	1.7
26	habeat	6	1	0.0441	79.9206	26	1.7
26	malis	5	1	0.0441	79.9647	26	1.7
26	periclum	8	1	0.0441	80.0088	26	1.7
26	feceris	7	1	0.0441	80.053	26	1.7
26	incommoditas	12	1	0.0441	80.0971	26	1.7
26	commoditates	12	1	0.0441	80.1412	26	1.7
26	redit	5	1	0.0441	80.1853	26	1.7
26	addideris	9	1	0.0441	80.2295	26	1.7
26	di	2	1	0.0441	80.2736	26	1.7
26	prohibeant	10	1	0.0441	80.3177	26	1.7
26	discessio	9	1	0.0441	80.3619	26	1.7
26	corrigitur	10	1	0.0441	80.406	26	1.7
26	valeat	6	1	0.0441	80.4501	26	1.7
26	efficiundum	11	1	0.0441	80.4943	26	1.7
26	quot	4	1	0.0441	80.5384	26	1.7
26	aliquo	6	1	0.0441	80.5825	26	1.7
26	amare	5	1	0.0441	80.6267	26	1.7
26	veterator	9	1	0.0441	80.6708	26	1.7
26	continentiae	12	1	0.0441	80.7149	26	1.7
26	symbolam	8	1	0.0441	80.759	26	1.7
26	dedit	5	1	0.0441	80.8032	26	1.7
26	cenavit	7	1	0.0441	80.8473	26	1.7
26	alio	4	1	0.0441	80.8914	26	1.7
26	quaerebam	9	1	0.0441	80.9356	26	1.7
26	comperibam	10	1	0.0441	80.9797	26	1.7
26	attinere	8	1	0.0441	81.0238	26	1.7
26	spectatum	9	1	0.0441	81.068	26	1.7
26	magnum	6	1	0.0441	81.1121	26	1.7
26	exemplum	8	1	0.0441	81.1562	26	1.7
26	ingeniis	8	1	0.0441	81.2004	26	1.7
26	niceratum	9	1	0.0441	81.2445	26	1.7
26	conflictatur	12	1	0.0441	81.2886	26	1.7
26	modi	4	1	0.0441	81.3327	26	1.7
26	commovetur	10	1	0.0441	81.3769	26	1.7
26	scias	5	1	0.0441	81.421	26	1.7
26	suae	4	1	0.0441	81.4651	26	1.7
26	vitae	5	1	0.0441	81.5093	26	1.7
26	modum	5	1	0.0441	81.5534	26	1.7
26	placebat	8	1	0.0441	81.5975	26	1.7
26	uno	3	1	0.0441	81.6417	26	1.7
26	ore	3	1	0.0441	81.6858	26	1.7
26	bona	4	1	0.0441	81.7299	26	1.7
26	tres	4	1	0.0441	81.7741	26	1.7
26	dicebant	8	1	0.0441	81.8182	26	1.7
26	fortunas	8	1	0.0441	81.8623	26	1.7
26	mane	4	1	0.0441	81.9064	26	1.7
26	accepit	7	1	0.0441	81.9506	26	1.7
26	condicionem	11	1	0.0441	81.9947	26	1.7
26	quaestum	8	1	0.0441	82.0388	26	1.7
26	occipit	7	1	0.0441	82.083	26	1.7
26	perduxere	9	1	0.0441	82.1271	26	1.7
26	illuc	5	1	0.0441	82.1712	26	1.7
26	secum	5	1	0.0441	82.2154	26	1.7
26	continuo	8	1	0.0441	82.2595	26	1.7
26	mecum	5	1	0.0441	82.3036	26	1.7
26	captus	6	1	0.0441	82.3477	26	1.7
26	observabam	10	1	0.0441	82.3919	26	1.7
26	illorum	7	1	0.0441	82.436	26	1.7
26	cliniam	7	1	0.0441	82.4801	26	1.7
26	servolos	8	1	0.0441	82.5243	26	1.7
26	venientis	9	1	0.0441	82.5684	26	1.7
26	abeuntis	8	1	0.0441	82.6125	26	1.7
26	rogitabam	9	1	0.0441	82.6567	26	1.7
26	puer	4	1	0.0441	82.7008	26	1.7
26	sodes	5	1	0.0441	82.7449	26	1.7
26	heri	4	1	0.0441	82.7891	26	1.7
26	habuit	6	1	0.0441	82.8332	26	1.7
26	andriae	7	1	0.0441	82.8773	26	1.7
26	nomen	5	1	0.0441	82.9214	26	1.7
26	phaedrum	8	1	0.0441	82.9656	26	1.7
26	laudare	7	1	0.0441	83.0097	26	1.7
26	meas	4	1	0.0441	83.0538	26	1.7
26	proclive	8	1	0.0441	83.098	26	1.7
26	multis	6	1	0.0441	83.1421	26	1.7
26	huiu	4	1	0.0441	83.1862	26	1.7
26	mortem	6	1	0.0441	83.2304	26	1.7
26	fert	4	1	0.0441	83.2745	26	1.7
26	amasset	7	1	0.0441	83.3186	26	1.7
26	patri	5	1	0.0441	83.3628	26	1.7
26	humani	6	1	0.0441	83.4069	26	1.7
26	ingeni	6	1	0.0441	83.451	26	1.7
26	mansuetique	11	1	0.0441	83.4951	26	1.7
26	animi	5	1	0.0441	83.5393	26	1.7
26	officia	7	1	0.0441	83.5834	26	1.7
26	moror	5	1	0.0441	83.6275	26	1.7
26	parvae	6	1	0.0441	83.6717	26	1.7
26	quoque	6	1	0.0441	83.7158	26	1.7
26	eiu	3	1	0.0441	83.7599	26	1.7
26	prodeo	6	1	0.0441	83.8041	26	1.7
26	suspicans	9	1	0.0441	83.8482	26	1.7
26	mali	4	1	0.0441	83.8923	26	1.7
26	ecfertur	8	1	0.0441	83.9365	26	1.7
26	imus	4	1	0.0441	83.9806	26	1.7
26	mulieres	8	1	0.0441	84.0247	26	1.7
26	aderant	7	1	0.0441	84.0688	26	1.7
26	unam	4	1	0.0441	84.113	26	1.7
26	aspicio	7	1	0.0441	84.1571	26	1.7
26	consuetudinis	13	1	0.0441	84.2012	26	1.7
26	cogitabam	9	1	0.0441	84.2454	26	1.7
26	haberem	7	1	0.0441	84.2895	26	1.7
26	dictust	7	1	0.0441	84.3336	26	1.7
26	tali	4	1	0.0441	84.3778	26	1.7
26	ingenio	7	1	0.0441	84.4219	26	1.7
26	praeditum	9	1	0.0441	84.466	26	1.7
26	fama	4	1	0.0441	84.5102	26	1.7
26	inpulsus	8	1	0.0441	84.5543	26	1.7
26	ultro	5	1	0.0441	84.5984	26	1.7
26	suam	4	1	0.0441	84.6425	26	1.7
26	dote	4	1	0.0441	84.6867	26	1.7
26	filio	5	1	0.0441	84.7308	26	1.7
26	daret	5	1	0.0441	84.7749	26	1.7
26	despondi	8	1	0.0441	84.8191	26	1.7
26	ferme	5	1	0.0441	84.8632	26	1.7
26	conlacrumabat	13	1	0.0441	84.9073	26	1.7
26	diebu	5	1	0.0441	84.9515	26	1.7
26	acta	4	1	0.0441	84.9956	26	1.7
26	chrysis	7	1	0.0441	85.0397	26	1.7
26	vicina	6	1	0.0441	85.0838	26	1.7
26	moritur	7	1	0.0441	85.128	26	1.7
26	aderat	6	1	0.0441	85.1721	26	1.7
26	frequens	8	1	0.0441	85.2162	26	1.7
26	curabat	7	1	0.0441	85.2604	26	1.7
26	funu	4	1	0.0441	85.3045	26	1.7
26	tristis	7	1	0.0441	85.3486	26	1.7
26	nonnumquam	10	1	0.0441	85.3928	26	1.7
26	lubidinem	9	1	0.0441	85.4369	26	1.7
26	labore	6	1	0.0441	85.481	26	1.7
26	voltu	5	1	0.0441	85.5252	26	1.7
26	fuit	4	1	0.0441	85.5693	26	1.7
26	praedico	8	1	0.0441	85.6134	26	1.7
26	credis	6	1	0.0441	85.6575	26	1.7
26	verae	5	1	0.0441	85.7017	26	1.7
26	omnem	5	1	0.0441	85.7458	26	1.7
26	cognosces	9	1	0.0441	85.7899	26	1.7
26	facere	6	1	0.0441	85.8341	26	1.7
26	excessit	8	1	0.0441	85.8782	26	1.7
26	ephebis	7	1	0.0441	85.9223	26	1.7
26	liberius	8	1	0.0441	85.9665	26	1.7
26	vivendi	7	1	0.0441	86.0106	26	1.7
26	antea	5	1	0.0441	86.0547	26	1.7
26	muto	4	1	0.0441	86.0989	26	1.7
26	scire	5	1	0.0441	86.143	26	1.7
26	posses	6	1	0.0441	86.1871	26	1.7
26	ingenium	8	1	0.0441	86.2312	26	1.7
26	noscere	7	1	0.0441	86.2754	26	1.7
26	aetas	5	1	0.0441	86.3195	26	1.7
26	metus	5	1	0.0441	86.3636	26	1.7
26	magister	8	1	0.0441	86.4078	26	1.7
26	prohibebant	11	1	0.0441	86.4519	26	1.7
26	plerique	8	1	0.0441	86.496	26	1.7
26	adulescentuli	13	1	0.0441	86.5402	26	1.7
26	aliquod	7	1	0.0441	86.5843	26	1.7
26	faciam	6	1	0.0441	86.6284	26	1.7
26	persolvi	8	1	0.0441	86.6726	26	1.7
26	adiungant	9	1	0.0441	86.7167	26	1.7
26	emi	3	1	0.0441	86.7608	26	1.7
26	auferte	7	1	0.0441	86.8049	26	1.7
26	abite	5	1	0.0441	86.8491	26	1.7
26	ades	4	1	0.0441	86.8932	26	1.7
26	istac	5	1	0.0441	86.9373	26	1.7
26	arte	4	1	0.0441	86.9815	26	1.7
26	paro	4	1	0.0441	87.0256	26	1.7
26	eis	3	1	0.0441	87.0697	26	1.7
26	intellexi	9	1	0.0441	87.1139	26	1.7
26	sitas	5	1	0.0441	87.158	26	1.7
26	fide	4	1	0.0441	87.2021	26	1.7
26	taciturnitate	13	1	0.0441	87.2462	26	1.7
26	parvolo	7	1	0.0441	87.2904	26	1.7
26	summum	6	1	0.0441	87.3345	26	1.7
26	apud	4	1	0.0441	87.3786	26	1.7
26	iusta	5	1	0.0441	87.4228	26	1.7
26	clemens	7	1	0.0441	87.4669	26	1.7
26	fuerit	6	1	0.0441	87.511	26	1.7
26	servitus	8	1	0.0441	87.5552	26	1.7
26	servo	5	1	0.0441	87.5993	26	1.7
26	esses	5	1	0.0441	87.6434	26	1.7
26	libertus	8	1	0.0441	87.6876	26	1.7
26	servibas	8	1	0.0441	87.7317	26	1.7
26	liberaliter	11	1	0.0441	87.7758	26	1.7
26	habui	5	1	0.0441	87.8199	26	1.7
26	studium	7	1	0.0441	87.8641	26	1.7
26	equos	5	1	0.0441	87.9082	26	1.7
26	hominum	7	1	0.0441	87.9523	26	1.7
26	pudice	6	1	0.0441	87.9965	26	1.7
26	andro	5	1	0.0441	88.0406	26	1.7
26	commigravit	11	1	0.0441	88.0847	26	1.7
26	viciniae	8	1	0.0441	88.1289	26	1.7
26	inopia	6	1	0.0441	88.173	26	1.7
26	cognatorum	10	1	0.0441	88.2171	26	1.7
26	neglegentia	11	1	0.0441	88.2613	26	1.7
26	coacta	6	1	0.0441	88.3054	26	1.7
26	egregia	7	1	0.0441	88.3495	26	1.7
26	integra	7	1	0.0441	88.3936	26	1.7
26	primo	5	1	0.0441	88.4378	26	1.7
26	parce	5	1	0.0441	88.4819	26	1.7
26	abhinc	6	1	0.0441	88.526	26	1.7
26	duriter	7	1	0.0441	88.5702	26	1.7
26	agebat	6	1	0.0441	88.6143	26	1.7
26	lana	4	1	0.0441	88.6584	26	1.7
26	tela	4	1	0.0441	88.7026	26	1.7
26	victum	6	1	0.0441	88.7467	26	1.7
26	quaeritans	10	1	0.0441	88.7908	26	1.7
26	amans	5	1	0.0441	88.835	26	1.7
26	pollicens	9	1	0.0441	88.8791	26	1.7
26	unus	4	1	0.0441	88.9232	26	1.7
26	alter	5	1	0.0441	88.9673	26	1.7
26	ingeniumst	10	1	0.0441	89.0115	26	1.7
26	triennium	9	1	0.0441	89.0556	26	1.7
26	quaedam	7	1	0.0441	89.0997	26	1.7
26	alere	5	1	0.0441	89.1439	26	1.7
26	quomque	7	1	0.0441	89.188	26	1.7
26	canes	5	1	0.0441	89.2321	26	1.7
26	venandum	8	1	0.0441	89.2763	26	1.7
26	philosophos	11	1	0.0441	89.3204	26	1.7
26	horum	5	1	0.0441	89.3645	26	1.7
26	egregie	7	1	0.0441	89.4086	26	1.7
26	cetera	6	1	0.0441	89.4528	26	1.7
26	studebat	8	1	0.0441	89.4969	26	1.7
26	mediocriter	11	1	0.0441	89.541	26	1.7
26	vita	4	1	0.0441	89.5852	26	1.7
26	perferre	8	1	0.0441	89.6293	26	1.7
26	pati	4	1	0.0441	89.6734	26	1.7
26	dedere	6	1	0.0441	89.7176	26	1.7
26	mulier	6	1	0.0441	89.7617	26	1.7
26	obsequi	7	1	0.0441	89.8058	26	1.7
26	studiis	7	1	0.0441	89.85	26	1.7
26	adversus	8	1	0.0441	89.8941	26	1.7
26	nemini	6	1	0.0441	89.9382	26	1.7
26	praeponens	10	1	0.0441	89.9823	26	1.7
26	facillume	9	1	0.0441	90.0265	26	1.7
26	invidia	7	1	0.0441	90.0706	26	1.7
26	laudem	6	1	0.0441	90.1147	26	1.7
26	invenias	8	1	0.0441	90.1589	26	1.7
26	amicos	6	1	0.0441	90.203	26	1.7
26	pares	5	1	0.0441	90.2471	26	1.7
26	adulescentulam	14	1	0.0441	90.2913	26	1.7
26	modesto	7	1	0.0441	90.3354	26	1.7
26	volt	4	1	0.0441	90.3795	26	1.7
26	magistrum	9	1	0.0441	90.4237	26	1.7
26	postulat	8	1	0.0441	90.4678	26	1.7
26	sive	4	1	0.0441	90.5119	26	1.7
26	aequomst	8	1	0.0441	90.556	26	1.7
26	redeat	6	1	0.0441	90.6002	26	1.7
26	viam	4	1	0.0441	90.6443	26	1.7
26	amant	5	1	0.0441	90.6884	26	1.7
26	graviter	8	1	0.0441	90.7326	26	1.7
26	dari	4	1	0.0441	90.7767	26	1.7
26	ferunt	6	1	0.0441	90.8208	26	1.7
26	siquis	6	1	0.0441	90.865	26	1.7
26	cepit	5	1	0.0441	90.9091	26	1.7
26	alios	5	1	0.0441	90.9532	26	1.7
26	inprobum	8	1	0.0441	90.9974	26	1.7
26	deteriorem	10	1	0.0441	91.0415	26	1.7
26	partem	6	1	0.0441	91.0856	26	1.7
26	plerumque	9	1	0.0441	91.1297	26	1.7
26	adplicat	8	1	0.0441	91.1739	26	1.7
26	vis	3	1	0.0441	91.218	26	1.7
26	restant	7	1	0.0441	91.2621	26	1.7
26	loqui	5	1	0.0441	91.3063	26	1.7
26	fallaciae	9	1	0.0441	91.3504	26	1.7
26	conari	6	1	0.0441	91.3945	26	1.7
26	minus	5	1	0.0441	91.4387	26	1.7
26	mores	5	1	0.0441	91.4828	26	1.7
26	defert	6	1	0.0441	91.5269	26	1.7
26	sis	3	1	0.0441	91.5711	26	1.7
26	tuo	3	1	0.0441	91.6152	26	1.7
26	adsimules	9	1	0.0441	91.6593	26	1.7
26	perterrefacias	14	1	0.0441	91.7034	26	1.7
26	observes	8	1	0.0441	91.7476	26	1.7
26	agat	4	1	0.0441	91.7917	26	1.7
26	captet	6	1	0.0441	91.8358	26	1.7
26	prae	4	1	0.0441	91.88	26	1.7
26	sequar	6	1	0.0441	91.9241	26	1.7
26	timere	6	1	0.0441	91.9682	26	1.7
26	futuras	7	1	0.0441	92.0124	26	1.7
26	exit	4	1	0.0441	92.0565	26	1.7
26	opinor	6	1	0.0441	92.1006	26	1.7
26	magno	5	1	0.0441	92.1447	26	1.7
26	aliam	5	1	0.0441	92.1889	26	1.7
26	malo	4	1	0.0441	92.233	26	1.7
26	loquitur	8	1	0.0441	92.2771	26	1.7
26	rumor	5	1	0.0441	92.3213	26	1.7
26	hoccin	6	1	0.0441	92.3654	26	1.7
26	exquirere	9	1	0.0441	92.4095	26	1.7
26	iniqui	6	1	0.0441	92.4537	26	1.7
26	fecit	5	1	0.0441	92.4978	26	1.7
26	attinet	7	1	0.0441	92.5419	26	1.7
26	sivi	4	1	0.0441	92.5861	26	1.7
26	expleret	8	1	0.0441	92.6302	26	1.7
26	suom	4	1	0.0441	92.6743	26	1.7
26	ostendi	7	1	0.0441	92.7184	26	1.7
26	callidus	8	1	0.0441	92.7626	26	1.7
26	tuomst	6	1	0.0441	92.8067	26	1.7
26	molestae	8	1	0.0441	92.8508	26	1.7
26	facis	5	1	0.0441	92.895	26	1.7
26	decet	5	1	0.0441	92.9391	26	1.7
26	sies	4	1	0.0441	92.9832	26	1.7
26	narrat	6	1	0.0441	93.0274	26	1.7
26	nilne	5	1	0.0441	93.0715	26	1.7
26	atqui	5	1	0.0441	93.1156	26	1.7
26	exspectabam	11	1	0.0441	93.1598	26	1.7
26	potin	5	1	0.0441	93.2039	26	1.7
26	es	2	1	0.0441	93.248	26	1.7
26	verum	5	1	0.0441	93.2921	26	1.7
26	quidpiam	8	1	0.0441	93.3363	26	1.7
26	adesse	6	1	0.0441	93.3804	26	1.7
26	huiusce	7	1	0.0441	93.4245	26	1.7
26	hospitai	8	1	0.0441	93.4687	26	1.7
26	consuetudinem	13	1	0.0441	93.5128	26	1.7
26	laudo	5	1	0.0441	93.5569	26	1.7
26	subtristi	9	1	0.0441	93.6011	26	1.7
26	visus	5	1	0.0441	93.6452	26	1.7
26	aliquantum	10	1	0.0441	93.6893	26	1.7
26	mene	4	1	0.0441	93.7335	26	1.7
26	tace	4	1	0.0441	93.7776	26	1.7
26	recte	5	1	0.0441	93.8217	26	1.7
26	videro	6	1	0.0441	93.8658	26	1.7
26	ducas	5	1	0.0441	93.91	26	1.7
26	utrumque	8	1	0.0441	93.9541	26	1.7
26	verberibu	9	1	0.0441	93.9982	26	1.7
26	ubivis	6	1	0.0441	94.0424	26	1.7
26	caesum	6	1	0.0441	94.0865	26	1.7
26	pistrinum	9	1	0.0441	94.1306	26	1.7
26	dedam	5	1	0.0441	94.1748	26	1.7
26	usque	5	1	0.0441	94.2189	26	1.7
26	necem	5	1	0.0441	94.263	26	1.7
26	lege	4	1	0.0441	94.3071	26	1.7
26	omine	5	1	0.0441	94.3513	26	1.7
26	exemerim	8	1	0.0441	94.3954	26	1.7
26	molam	5	1	0.0441	94.4395	26	1.7
26	intellextin	11	1	0.0441	94.4837	26	1.7
26	nondum	6	1	0.0441	94.5278	26	1.7
26	faciliu	7	1	0.0441	94.5719	26	1.7
26	captent	7	1	0.0441	94.6161	26	1.7
26	passu	5	1	0.0441	94.6602	26	1.7
26	sim	3	1	0.0441	94.7043	26	1.7
26	deludier	8	1	0.0441	94.7485	26	1.7
26	inrides	7	1	0.0441	94.7926	26	1.7
26	dico	4	1	0.0441	94.8367	26	1.7
26	temere	6	1	0.0441	94.8808	26	1.7
26	dicas	5	1	0.0441	94.925	26	1.7
26	praedictum	10	1	0.0441	94.9691	26	1.7
26	cave	4	1	0.0441	95.0132	26	1.7
26	reviso	6	1	0.0441	95.0574	26	1.7
26	agant	5	1	0.0441	95.1015	26	1.7
26	officium	8	1	0.0441	95.1456	26	1.7
26	confore	7	1	0.0441	95.1898	26	1.7
26	venusto	7	1	0.0441	95.2339	26	1.7
26	redeo	5	1	0.0441	95.278	26	1.7
26	mediam	6	1	0.0441	95.3222	26	1.7
26	mulierem	8	1	0.0441	95.3663	26	1.7
26	complectitur	12	1	0.0441	95.4104	26	1.7
26	mea	3	1	0.0441	95.4545	26	1.7
26	inquit	6	1	0.0441	95.4987	26	1.7
26	perditum	8	1	0.0441	95.5428	26	1.7
26	consuetum	9	1	0.0441	95.5869	26	1.7
26	cerneres	8	1	0.0441	95.6311	26	1.7
26	reiecit	7	1	0.0441	95.6752	26	1.7
26	flens	5	1	0.0441	95.7193	26	1.7
26	iratus	6	1	0.0441	95.7635	26	1.7
26	celatum	7	1	0.0441	95.8076	26	1.7
26	aegre	5	1	0.0441	95.8517	26	1.7
26	ferens	6	1	0.0441	95.8959	26	1.7
26	nec	3	1	0.0441	95.94	26	1.7
26	causae	6	1	0.0441	95.9841	26	1.7
26	diceret	7	1	0.0441	96.0282	26	1.7
26	commerui	8	1	0.0441	96.0724	26	1.7
26	peccavi	7	1	0.0441	96.1165	26	1.7
26	inicere	7	1	0.0441	96.1606	26	1.7
26	voluit	6	1	0.0441	96.2048	26	1.7
26	prohibui	8	1	0.0441	96.2489	26	1.7
26	servavi	7	1	0.0441	96.293	26	1.7
26	adcurrit	8	1	0.0441	96.3372	26	1.7
26	dissimulatum	12	1	0.0441	96.3813	26	1.7
26	postridie	9	1	0.0441	96.4254	26	1.7
26	attat	5	1	0.0441	96.4695	26	1.7
26	supra	5	1	0.0441	96.5137	26	1.7
26	lamentari	9	1	0.0441	96.5578	26	1.7
26	visast	6	1	0.0441	96.6019	26	1.7
26	accedo	6	1	0.0441	96.6461	26	1.7
26	pedisequas	10	1	0.0441	96.6902	26	1.7
26	rogo	4	1	0.0441	96.7343	26	1.7
26	sororem	7	1	0.0441	96.7785	26	1.7
26	aiunt	5	1	0.0441	96.8226	26	1.7
26	chrysidis	9	1	0.0441	96.8667	26	1.7
26	percussit	9	1	0.0441	96.9109	26	1.7
26	ilico	5	1	0.0441	96.955	26	1.7
26	illae	5	1	0.0441	96.9991	26	1.7
26	exanimatus	10	1	0.0441	97.0432	26	1.7
26	illast	6	1	0.0441	97.0874	26	1.7
26	misericordia	12	1	0.0441	97.1315	26	1.7
26	procedit	8	1	0.0441	97.1756	26	1.7
26	sequimur	8	1	0.0441	97.2198	26	1.7
26	sepulcrum	9	1	0.0441	97.2639	26	1.7
26	venimus	7	1	0.0441	97.308	26	1.7
26	inpositast	10	1	0.0441	97.3522	26	1.7
26	fletur	6	1	0.0441	97.3963	26	1.7
26	soror	5	1	0.0441	97.4404	26	1.7
26	flammam	7	1	0.0441	97.4846	26	1.7
26	inprudentius	12	1	0.0441	97.5287	26	1.7
26	oratiost	8	1	0.0441	97.5728	26	1.7
26	clamitans	9	1	0.0441	97.6169	26	1.7
26	expurgandus	11	1	0.0441	97.6611	26	1.7
26	obnixe	6	1	0.0441	97.7052	26	1.7
26	falsas	6	1	0.0441	97.7493	26	1.7
26	obiurgandi	10	1	0.0441	97.7935	26	1.7
26	deneget	7	1	0.0441	97.8376	26	1.7
26	sceleratu	9	1	0.0441	97.8817	26	1.7
26	siquid	6	1	0.0441	97.9259	26	1.7
26	consumat	8	1	0.0441	97.97	26	1.7
26	obsint	6	1	0.0441	98.0141	26	1.7
26	doli	4	1	0.0441	98.0583	26	1.7
26	manibu	6	1	0.0441	98.1024	26	1.7
26	pedibuque	9	1	0.0441	98.1465	26	1.7
26	facturum	8	1	0.0441	98.1906	26	1.7
26	operam	6	1	0.0441	98.2348	26	1.7
26	incommodet	10	1	0.0441	98.2789	26	1.7
26	obsequatur	10	1	0.0441	98.323	26	1.7
26	mala	4	1	0.0441	98.3672	26	1.7
26	mens	4	1	0.0441	98.4113	26	1.7
26	malus	5	1	0.0441	98.4554	26	1.7
26	animu	5	1	0.0441	98.4996	26	1.7
26	opust	5	1	0.0441	98.5437	26	1.7
26	sin	3	1	0.0441	98.5878	26	1.7
26	morae	5	1	0.0441	98.632	26	1.7
26	restat	6	1	0.0441	98.6761	26	1.7
26	cui	3	1	0.0441	98.7202	26	1.7
26	do	2	1	0.0441	98.7643	26	1.7
26	iniuriast	9	1	0.0441	98.8085	26	1.7
26	indignum	8	1	0.0441	98.8526	26	1.7
26	vehemens	8	1	0.0441	98.8967	26	1.7
26	facinu	6	1	0.0441	98.9409	26	1.7
26	comperisse	10	1	0.0441	98.985	26	1.7
26	uxore	5	1	0.0441	99.0291	26	1.7
26	peregrinam	10	1	0.0441	99.0733	26	1.7
26	sedulo	6	1	0.0441	99.1174	26	1.7
26	negare	6	1	0.0441	99.1615	26	1.7
26	instat	6	1	0.0441	99.2056	26	1.7
26	discedo	7	1	0.0441	99.2498	26	1.7
26	filiam	6	1	0.0441	99.2939	26	1.7
26	neget	5	1	0.0441	99.338	26	1.7
26	daturum	7	1	0.0441	99.3822	26	1.7
26	rebu	4	1	0.0441	99.4263	26	1.7
26	advortenda	10	1	0.0441	99.4704	26	1.7
26	finem	5	1	0.0441	99.5146	26	1.7
26	praescripsti	12	1	0.0441	99.5587	26	1.7
26	prope	5	1	0.0441	99.6028	26	1.7
26	adest	5	1	0.0441	99.647	26	1.7
26	alieno	6	1	0.0441	99.6911	26	1.7
26	more	4	1	0.0441	99.7352	26	1.7
26	vivendumst	10	1	0.0441	99.7793	26	1.7
26	meo	3	1	0.0441	99.8235	26	1.7
26	vivere	6	1	0.0441	99.8676	26	1.7
26	nolet	5	1	0.0441	99.9117	26	1.7
26	ducere	6	1	0.0441	99.9559	26	1.7
26	vinctus	7	1	0.0441	100	26	1.7
