rank	word	wordlength	count	frequency(count*100/1410)	sum frequency	zipf(rank*count)	zipf(max/rank)
1	me	2	45	3.1915	3.1915	45	45
2	quid	4	25	1.773	4.9645	50	22.5
3	ego	3	22	1.5603	6.5248	66	15
4	ut	2	21	1.4894	8.0142	84	11.3
5	hoc	3	17	1.2057	9.2199	85	9
5	te	2	17	1.2057	10.4255	85	9
5	mihi	4	17	1.2057	11.6312	85	9
6	id	2	14	0.9929	12.6241	84	7.5
6	mi	2	14	0.9929	13.617	84	7.5
7	est	3	13	0.922	14.539	91	6.4
7	in	2	13	0.922	15.461	91	6.4
7	qui	3	13	0.922	16.383	91	6.4
8	si	2	12	0.8511	17.234	96	5.6
8	nunc	4	12	0.8511	18.0851	96	5.6
8	non	3	12	0.8511	18.9362	96	5.6
8	pater	5	12	0.8511	19.7872	96	5.6
9	quod	4	11	0.7801	20.5674	99	5
9	atque	5	11	0.7801	21.3475	99	5
10	ne	2	10	0.7092	22.0567	100	4.5
10	tibi	4	10	0.7092	22.766	100	4.5
10	et	2	10	0.7092	23.4752	100	4.5
11	nam	3	9	0.6383	24.1135	99	4.1
11	esse	4	9	0.6383	24.7518	99	4.1
11	hanc	4	9	0.6383	25.3901	99	4.1
12	neque	5	8	0.5674	25.9574	96	3.8
12	dave	4	8	0.5674	26.5248	96	3.8
13	sum	3	7	0.4965	27.0213	91	3.5
13	aut	3	7	0.4965	27.5177	91	3.5
13	istuc	5	7	0.4965	28.0142	91	3.5
13	de	2	7	0.4965	28.5106	91	3.5
13	haec	4	7	0.4965	29.0071	91	3.5
13	illa	4	7	0.4965	29.5035	91	3.5
14	quam	4	6	0.4255	29.9291	84	3.2
14	sed	3	6	0.4255	30.3546	84	3.2
14	scio	4	6	0.4255	30.7801	84	3.2
14	tu	2	6	0.4255	31.2057	84	3.2
14	ad	2	6	0.4255	31.6312	84	3.2
15	tam	3	5	0.3546	31.9858	75	3
15	modo	4	5	0.3546	32.3404	75	3
15	per	3	5	0.3546	32.695	75	3
15	faciam	6	5	0.3546	33.0496	75	3
15	fidem	5	5	0.3546	33.4043	75	3
15	mysis	5	5	0.3546	33.7589	75	3
15	uxorem	6	5	0.3546	34.1135	75	3
16	animo	5	4	0.2837	34.3972	64	2.8
16	ex	2	4	0.2837	34.6809	64	2.8
16	quo	3	4	0.2837	34.9645	64	2.8
16	quis	4	4	0.2837	35.2482	64	2.8
16	numquam	7	4	0.2837	35.5319	64	2.8
16	hem	3	4	0.2837	35.8156	64	2.8
16	huiu	4	4	0.2837	36.0993	64	2.8
16	charine	7	4	0.2837	36.383	64	2.8
16	nil	3	4	0.2837	36.6667	64	2.8
16	nisi	4	4	0.2837	36.9504	64	2.8
16	o	1	4	0.2837	37.234	64	2.8
16	etiam	5	4	0.2837	37.5177	64	2.8
16	iam	3	4	0.2837	37.8014	64	2.8
16	dicam	5	4	0.2837	38.0851	64	2.8
16	nec	3	4	0.2837	38.3688	64	2.8
16	nuptias	7	4	0.2837	38.6525	64	2.8
16	ita	3	4	0.2837	38.9362	64	2.8
16	perii	5	4	0.2837	39.2199	64	2.8
16	rem	3	4	0.2837	39.5035	64	2.8
16	hodie	5	4	0.2837	39.7872	64	2.8
16	miserum	7	4	0.2837	40.0709	64	2.8
16	pro	3	4	0.2837	40.3546	64	2.8
16	re	2	4	0.2837	40.6383	64	2.8
17	apud	4	3	0.2128	40.8511	51	2.6
17	sine	4	3	0.2128	41.0638	51	2.6
17	quor	4	3	0.2128	41.2766	51	2.6
17	operam	6	3	0.2128	41.4894	51	2.6
17	adeo	4	3	0.2128	41.7021	51	2.6
17	sibi	4	3	0.2128	41.9149	51	2.6
17	facerem	7	3	0.2128	42.1277	51	2.6
17	quom	4	3	0.2128	42.3404	51	2.6
17	verum	5	3	0.2128	42.5532	51	2.6
17	chremes	7	3	0.2128	42.766	51	2.6
17	illum	5	3	0.2128	42.9787	51	2.6
17	quem	4	3	0.2128	43.1915	51	2.6
17	dum	3	3	0.2128	43.4043	51	2.6
17	pamphile	8	3	0.2128	43.617	51	2.6
17	abi	3	3	0.2128	43.8298	51	2.6
17	at	2	3	0.2128	44.0426	51	2.6
17	habeo	5	3	0.2128	44.2553	51	2.6
17	patrem	6	3	0.2128	44.4681	51	2.6
17	video	5	3	0.2128	44.6809	51	2.6
17	tua	3	3	0.2128	44.8936	51	2.6
17	mea	3	3	0.2128	45.1064	51	2.6
17	haud	4	3	0.2128	45.3191	51	2.6
17	nuptiae	7	3	0.2128	45.5319	51	2.6
17	hic	3	3	0.2128	45.7447	51	2.6
17	obsecro	7	3	0.2128	45.9574	51	2.6
17	egon	4	3	0.2128	46.1702	51	2.6
17	quae	4	3	0.2128	46.383	51	2.6
17	adeon	5	3	0.2128	46.5957	51	2.6
17	patri	5	3	0.2128	46.8085	51	2.6
17	scis	4	3	0.2128	47.0213	51	2.6
18	fuit	4	2	0.1418	47.1631	36	2.5
18	glycerium	9	2	0.1418	47.305	36	2.5
18	agam	4	2	0.1418	47.4468	36	2.5
18	recte	5	2	0.1418	47.5887	36	2.5
18	tuae	4	2	0.1418	47.7305	36	2.5
18	solum	5	2	0.1418	47.8723	36	2.5
18	eam	3	2	0.1418	48.0142	36	2.5
18	salve	5	2	0.1418	48.156	36	2.5
18	hac	3	2	0.1418	48.2979	36	2.5
18	memini	6	2	0.1418	48.4397	36	2.5
18	illam	5	2	0.1418	48.5816	36	2.5
18	nos	3	2	0.1418	48.7234	36	2.5
18	sinam	5	2	0.1418	48.8652	36	2.5
18	poterit	7	2	0.1418	49.0071	36	2.5
18	vitam	5	2	0.1418	49.1489	36	2.5
18	stetisse	8	2	0.1418	49.2908	36	2.5
18	uxore	5	2	0.1418	49.4326	36	2.5
18	bene	4	2	0.1418	49.5745	36	2.5
18	sunt	4	2	0.1418	49.7163	36	2.5
18	quaeri	6	2	0.1418	49.8582	36	2.5
18	credat	6	2	0.1418	50	36	2.5
18	fateor	6	2	0.1418	50.1418	36	2.5
18	vis	3	2	0.1418	50.2837	36	2.5
18	hunc	4	2	0.1418	50.4255	36	2.5
18	gaudio	6	2	0.1418	50.5674	36	2.5
18	huc	3	2	0.1418	50.7092	36	2.5
18	mors	4	2	0.1418	50.8511	36	2.5
18	oh	2	2	0.1418	50.9929	36	2.5
18	omnis	5	2	0.1418	51.1348	36	2.5
18	patiar	6	2	0.1418	51.2766	36	2.5
18	facere	6	2	0.1418	51.4184	36	2.5
18	es	2	2	0.1418	51.5603	36	2.5
18	volo	4	2	0.1418	51.7021	36	2.5
18	opinor	6	2	0.1418	51.844	36	2.5
18	igitur	6	2	0.1418	51.9858	36	2.5
18	volt	4	2	0.1418	52.1277	36	2.5
18	quidvis	7	2	0.1418	52.2695	36	2.5
18	cedo	4	2	0.1418	52.4113	36	2.5
18	metu	4	2	0.1418	52.5532	36	2.5
18	em	2	2	0.1418	52.695	36	2.5
18	suadere	7	2	0.1418	52.8369	36	2.5
18	nempe	5	2	0.1418	52.9787	36	2.5
18	consiliis	9	2	0.1418	53.1206	36	2.5
18	deserturum	10	2	0.1418	53.2624	36	2.5
18	possim	6	2	0.1418	53.4043	36	2.5
18	mora	4	2	0.1418	53.5461	36	2.5
18	meas	4	2	0.1418	53.6879	36	2.5
18	nescis	6	2	0.1418	53.8298	36	2.5
18	quidem	6	2	0.1418	53.9716	36	2.5
18	ab	2	2	0.1418	54.1135	36	2.5
18	sati	4	2	0.1418	54.2553	36	2.5
18	propera	7	2	0.1418	54.3972	36	2.5
18	consili	7	2	0.1418	54.539	36	2.5
18	locum	5	2	0.1418	54.6809	36	2.5
18	ducere	6	2	0.1418	54.8227	36	2.5
18	eho	3	2	0.1418	54.9645	36	2.5
18	cum	3	2	0.1418	55.1064	36	2.5
18	credo	5	2	0.1418	55.2482	36	2.5
18	audi	4	2	0.1418	55.3901	36	2.5
18	nondum	6	2	0.1418	55.5319	36	2.5
18	deos	4	2	0.1418	55.6738	36	2.5
18	davo	4	2	0.1418	55.8156	36	2.5
18	detur	5	2	0.1418	55.9574	36	2.5
18	immo	4	2	0.1418	56.0993	36	2.5
18	vel	3	2	0.1418	56.2411	36	2.5
18	dicas	5	2	0.1418	56.383	36	2.5
18	davom	5	2	0.1418	56.5248	36	2.5
18	fretu	5	2	0.1418	56.6667	36	2.5
18	ei	2	2	0.1418	56.8085	36	2.5
18	hoccinest	9	2	0.1418	56.9504	36	2.5
18	domum	5	2	0.1418	57.0922	36	2.5
18	dare	4	2	0.1418	57.234	36	2.5
18	a	1	2	0.1418	57.3759	36	2.5
18	dat	3	2	0.1418	57.5177	36	2.5
18	se	2	2	0.1418	57.6596	36	2.5
18	ob	2	2	0.1418	57.8014	36	2.5
18	effugere	8	2	0.1418	57.9433	36	2.5
18	ah	2	2	0.1418	58.0851	36	2.5
18	primum	6	2	0.1418	58.227	36	2.5
18	meum	4	2	0.1418	58.3688	36	2.5
18	animum	6	2	0.1418	58.5106	36	2.5
18	potero	6	2	0.1418	58.6525	36	2.5
18	agere	5	2	0.1418	58.7943	36	2.5
18	verbum	6	2	0.1418	58.9362	36	2.5
18	glycerio	8	2	0.1418	59.078	36	2.5
18	amor	4	2	0.1418	59.2199	36	2.5
18	priu	4	2	0.1418	59.3617	36	2.5
18	deum	4	2	0.1418	59.5035	36	2.5
18	oportuit	8	2	0.1418	59.6454	36	2.5
18	pudor	5	2	0.1418	59.7872	36	2.5
18	usque	5	2	0.1418	59.9291	36	2.5
18	tum	3	2	0.1418	60.0709	36	2.5
18	nonne	5	2	0.1418	60.2128	36	2.5
18	aliquid	7	2	0.1418	60.3546	36	2.5
18	officium	8	2	0.1418	60.4965	36	2.5
19	restitue	8	1	0.0709	60.5674	19	2.4
19	adiuro	6	1	0.0709	60.6383	19	2.4
19	adparari	8	1	0.0709	60.7092	19	2.4
19	commissurum	11	1	0.0709	60.7801	19	2.4
19	capiundos	9	1	0.0709	60.8511	19	2.4
19	mutavit	7	1	0.0709	60.922	19	2.4
19	cupio	5	1	0.0709	60.9929	19	2.4
19	accepisti	9	1	0.0709	61.0638	19	2.4
19	sensit	6	1	0.0709	61.1348	19	2.4
19	demum	5	1	0.0709	61.2057	19	2.4
19	accersor	8	1	0.0709	61.2766	19	2.4
19	suam	4	1	0.0709	61.3475	19	2.4
19	vah	3	1	0.0709	61.4184	19	2.4
19	opust	5	1	0.0709	61.4894	19	2.4
19	sollicitarier	13	1	0.0709	61.5603	19	2.4
19	miseros	7	1	0.0709	61.6312	19	2.4
19	gnatam	6	1	0.0709	61.7021	19	2.4
19	nuncin	6	1	0.0709	61.773	19	2.4
19	opera	5	1	0.0709	61.844	19	2.4
19	sicin	5	1	0.0709	61.9149	19	2.4
19	integrascit	11	1	0.0709	61.9858	19	2.4
19	malum	5	1	0.0709	62.0567	19	2.4
19	idcirco	7	1	0.0709	62.1277	19	2.4
19	valeant	7	1	0.0709	62.1986	19	2.4
19	sciam	5	1	0.0709	62.2695	19	2.4
19	ante	4	1	0.0709	62.3404	19	2.4
19	praescisse	10	1	0.0709	62.4113	19	2.4
19	amare	5	1	0.0709	62.4823	19	2.4
19	pauca	5	1	0.0709	62.5532	19	2.4
19	licetne	7	1	0.0709	62.6241	19	2.4
19	praedicant	10	1	0.0709	62.695	19	2.4
19	visam	5	1	0.0709	62.766	19	2.4
19	facies	6	1	0.0709	62.8369	19	2.4
19	opus	4	1	0.0709	62.9078	19	2.4
19	conere	6	1	0.0709	62.9787	19	2.4
19	fortis	6	1	0.0709	63.0496	19	2.4
19	videor	6	1	0.0709	63.1206	19	2.4
19	proclivi	8	1	0.0709	63.1915	19	2.4
19	fierent	7	1	0.0709	63.2624	19	2.4
19	minus	5	1	0.0709	63.3333	19	2.4
19	fieri	5	1	0.0709	63.4043	19	2.4
19	inimicos	8	1	0.0709	63.4752	19	2.4
19	discidium	9	1	0.0709	63.5461	19	2.4
19	homines	7	1	0.0709	63.617	19	2.4
19	expetivi	8	1	0.0709	63.6879	19	2.4
19	contigit	8	1	0.0709	63.7589	19	2.4
19	conveniunt	10	1	0.0709	63.8298	19	2.4
19	mores	5	1	0.0709	63.9007	19	2.4
19	inter	5	1	0.0709	63.9716	19	2.4
19	volunt	6	1	0.0709	64.0426	19	2.4
19	communicatum	12	1	0.0709	64.1135	19	2.4
19	adimet	6	1	0.0709	64.1844	19	2.4
19	nemo	4	1	0.0709	64.2553	19	2.4
19	apollinis	9	1	0.0709	64.3262	19	2.4
19	mage	4	1	0.0709	64.3972	19	2.4
19	denegarat	9	1	0.0709	64.4681	19	2.4
19	responsumst	11	1	0.0709	64.539	19	2.4
19	conficies	9	1	0.0709	64.6099	19	2.4
19	meo	3	1	0.0709	64.6809	19	2.4
19	geminas	7	1	0.0709	64.7518	19	2.4
19	respiciunt	10	1	0.0709	64.8227	19	2.4
19	tempu	5	1	0.0709	64.8936	19	2.4
19	praecavere	10	1	0.0709	64.9645	19	2.4
19	ulcisci	7	1	0.0709	65.0355	19	2.4
19	sinit	5	1	0.0709	65.1064	19	2.4
19	inprudens	9	1	0.0709	65.1773	19	2.4
19	di	2	1	0.0709	65.2482	19	2.4
19	perdidi	7	1	0.0709	65.3191	19	2.4
19	pereo	5	1	0.0709	65.3901	19	2.4
19	tandem	6	1	0.0709	65.461	19	2.4
19	falsus	6	1	0.0709	65.5319	19	2.4
19	fit	3	1	0.0709	65.6028	19	2.4
19	habeam	6	1	0.0709	65.6738	19	2.4
19	abstrahat	9	1	0.0709	65.7447	19	2.4
19	quantis	7	1	0.0709	65.8156	19	2.4
19	namque	6	1	0.0709	65.8865	19	2.4
19	supplicium	10	1	0.0709	65.9574	19	2.4
19	vorser	6	1	0.0709	66.0284	19	2.4
19	tranquillissuma	15	1	0.0709	66.0993	19	2.4
19	furcifer	8	1	0.0709	66.1702	19	2.4
19	inpeditam	9	1	0.0709	66.2411	19	2.4
19	perditam	8	1	0.0709	66.3121	19	2.4
19	restituas	9	1	0.0709	66.383	19	2.4
19	hominem	7	1	0.0709	66.4539	19	2.4
19	sim	3	1	0.0709	66.5248	19	2.4
19	funditus	8	1	0.0709	66.5957	19	2.4
19	sumam	5	1	0.0709	66.6667	19	2.4
19	coniecisti	10	1	0.0709	66.7376	19	2.4
19	an	2	1	0.0709	66.8085	19	2.4
19	dixi	4	1	0.0709	66.8794	19	2.4
19	futurum	7	1	0.0709	66.9504	19	2.4
19	meritus	7	1	0.0709	67.0213	19	2.4
19	spatium	7	1	0.0709	67.0922	19	2.4
19	malis	5	1	0.0709	67.1631	19	2.4
19	miser	5	1	0.0709	67.234	19	2.4
19	unis	4	1	0.0709	67.305	19	2.4
19	nescio	6	1	0.0709	67.3759	19	2.4
19	orare	5	1	0.0709	67.4468	19	2.4
19	obstinate	9	1	0.0709	67.5177	19	2.4
19	donec	5	1	0.0709	67.5887	19	2.4
19	perpulit	8	1	0.0709	67.6596	19	2.4
19	itane	5	1	0.0709	67.7305	19	2.4
19	interturbat	11	1	0.0709	67.8014	19	2.4
19	videt	5	1	0.0709	67.8723	19	2.4
19	dicerem	7	1	0.0709	67.9433	19	2.4
19	inmutatum	9	1	0.0709	68.0142	19	2.4
19	peccarest	9	1	0.0709	68.0851	19	2.4
19	iratos	6	1	0.0709	68.156	19	2.4
19	auscultaverim	13	1	0.0709	68.227	19	2.4
19	quia	4	1	0.0709	68.2979	19	2.4
19	advigilaveris	13	1	0.0709	68.3688	19	2.4
19	ducturum	8	1	0.0709	68.4397	19	2.4
19	instare	7	1	0.0709	68.5106	19	2.4
19	quantasque	10	1	0.0709	68.5816	19	2.4
19	amorem	6	1	0.0709	68.6525	19	2.4
19	suis	4	1	0.0709	68.7234	19	2.4
19	conflavit	9	1	0.0709	68.7943	19	2.4
19	sollicitudines	14	1	0.0709	68.8652	19	2.4
19	meu	3	1	0.0709	68.9362	19	2.4
19	carnufex	8	1	0.0709	69.0071	19	2.4
19	cognoris	8	1	0.0709	69.078	19	2.4
19	minu	4	1	0.0709	69.1489	19	2.4
19	destitit	8	1	0.0709	69.2199	19	2.4
19	aerumnas	8	1	0.0709	69.2908	19	2.4
19	adparabantur	12	1	0.0709	69.3617	19	2.4
19	postulabat	10	1	0.0709	69.4326	19	2.4
19	quisquam	8	1	0.0709	69.5035	19	2.4
19	mane	4	1	0.0709	69.5745	19	2.4
19	enicas	6	1	0.0709	69.6454	19	2.4
19	fuisse	6	1	0.0709	69.7163	19	2.4
19	amittere	8	1	0.0709	69.7872	19	2.4
19	quoque	6	1	0.0709	69.8582	19	2.4
19	dari	4	1	0.0709	69.9291	19	2.4
19	nobis	5	1	0.0709	70	19	2.4
19	summu	5	1	0.0709	70.0709	19	2.4
19	amicu	5	1	0.0709	70.1418	19	2.4
19	repperit	8	1	0.0709	70.2128	19	2.4
19	parentis	8	1	0.0709	70.2837	19	2.4
19	suos	4	1	0.0709	70.3546	19	2.4
19	inceptu	7	1	0.0709	70.4255	19	2.4
19	obtigerit	9	1	0.0709	70.4965	19	2.4
19	gaudia	6	1	0.0709	70.5674	19	2.4
19	gavisurum	9	1	0.0709	70.6383	19	2.4
19	solide	6	1	0.0709	70.7092	19	2.4
19	omnium	6	1	0.0709	70.7801	19	2.4
19	mallem	6	1	0.0709	70.8511	19	2.4
19	nemost	6	1	0.0709	70.922	19	2.4
19	narrem	6	1	0.0709	70.9929	19	2.4
19	quin	4	1	0.0709	71.0638	19	2.4
19	inmortalitas	12	1	0.0709	71.1348	19	2.4
19	propterea	9	1	0.0709	71.2057	19	2.4
19	sempiternam	11	1	0.0709	71.2766	19	2.4
19	arbitror	8	1	0.0709	71.3475	19	2.4
19	voluptates	10	1	0.0709	71.4184	19	2.4
19	eorum	5	1	0.0709	71.4894	19	2.4
19	propriae	8	1	0.0709	71.5603	19	2.4
19	partast	7	1	0.0709	71.6312	19	2.4
19	quoi	4	1	0.0709	71.7021	19	2.4
19	nulla	5	1	0.0709	71.773	19	2.4
19	aegritudo	9	1	0.0709	71.844	19	2.4
19	huic	4	1	0.0709	71.9149	19	2.4
19	intercesserit	13	1	0.0709	71.9858	19	2.4
19	potissumum	10	1	0.0709	72.0567	19	2.4
19	optem	5	1	0.0709	72.1277	19	2.4
19	ullast	6	1	0.0709	72.1986	19	2.4
19	ducam	5	1	0.0709	72.2695	19	2.4
19	lubet	5	1	0.0709	72.3404	19	2.4
19	uolo	4	1	0.0709	72.4113	19	2.4
19	commodum	8	1	0.0709	72.4823	19	2.4
19	senex	5	1	0.0709	72.5532	19	2.4
19	exit	4	1	0.0709	72.6241	19	2.4
19	foras	5	1	0.0709	72.695	19	2.4
19	expectabam	10	1	0.0709	72.766	19	2.4
19	tecum	5	1	0.0709	72.8369	19	2.4
19	dedi	4	1	0.0709	72.9078	19	2.4
19	adque	5	1	0.0709	72.9787	19	2.4
19	oblitum	7	1	0.0709	73.0496	19	2.4
19	gnatae	6	1	0.0709	73.1206	19	2.4
19	alterae	7	1	0.0709	73.1915	19	2.4
19	inuenisse	9	1	0.0709	73.2624	19	2.4
19	dignum	6	1	0.0709	73.3333	19	2.4
19	uirum	5	1	0.0709	73.4043	19	2.4
19	uolui	5	1	0.0709	73.4752	19	2.4
19	cessas	6	1	0.0709	73.5461	19	2.4
19	puero	5	1	0.0709	73.617	19	2.4
19	longumst	8	1	0.0709	73.6879	19	2.4
19	homost	6	1	0.0709	73.7589	19	2.4
19	tempore	7	1	0.0709	73.8298	19	2.4
19	ipso	4	1	0.0709	73.9007	19	2.4
19	advenis	7	1	0.0709	73.9716	19	2.4
19	audistin	8	1	0.0709	74.0426	19	2.4
19	factu	5	1	0.0709	74.1135	19	2.4
19	exspectare	10	1	0.0709	74.1844	19	2.4
19	stas	4	1	0.0709	74.2553	19	2.4
19	exeat	5	1	0.0709	74.3262	19	2.4
19	sequere	7	1	0.0709	74.3972	19	2.4
19	intus	5	1	0.0709	74.4681	19	2.4
19	accerse	7	1	0.0709	74.539	19	2.4
19	hinc	4	1	0.0709	74.6099	19	2.4
19	auferant	8	1	0.0709	74.6809	19	2.4
19	deorum	6	1	0.0709	74.7518	19	2.4
19	sic	3	1	0.0709	74.8227	19	2.4
19	dedo	4	1	0.0709	74.8936	19	2.4
19	animu	5	1	0.0709	74.9645	19	2.4
19	metuam	6	1	0.0709	75.0355	19	2.4
19	moneam	6	1	0.0709	75.1064	19	2.4
19	probe	5	1	0.0709	75.1773	19	2.4
19	arrige	6	1	0.0709	75.2482	19	2.4
19	auris	5	1	0.0709	75.3191	19	2.4
19	vix	3	1	0.0709	75.3901	19	2.4
19	commotust	9	1	0.0709	75.461	19	2.4
19	hospes	6	1	0.0709	75.5319	19	2.4
19	spe	3	1	0.0709	75.6028	19	2.4
19	contumeliast	12	1	0.0709	75.6738	19	2.4
19	mirando	7	1	0.0709	75.7447	19	2.4
19	tanto	5	1	0.0709	75.8156	19	2.4
19	repentino	9	1	0.0709	75.8865	19	2.4
19	bono	4	1	0.0709	75.9574	19	2.4
19	ni	2	1	0.0709	76.0284	19	2.4
19	substet	7	1	0.0709	76.0993	19	2.4
19	religione	9	1	0.0709	76.1702	19	2.4
19	adlegatum	9	1	0.0709	76.2411	19	2.4
19	oneris	6	1	0.0709	76.3121	19	2.4
19	inpone	6	1	0.0709	76.383	19	2.4
19	impera	6	1	0.0709	76.4539	19	2.4
19	invenustum	10	1	0.0709	76.5248	19	2.4
19	feram	5	1	0.0709	76.5957	19	2.4
19	credas	6	1	0.0709	76.6667	19	2.4
19	senem	5	1	0.0709	76.7376	19	2.4
19	metuo	5	1	0.0709	76.8085	19	2.4
19	sese	4	1	0.0709	76.8794	19	2.4
19	expurgem	8	1	0.0709	76.9504	19	2.4
19	decrerat	8	1	0.0709	77.0213	19	2.4
19	coram	5	1	0.0709	77.0922	19	2.4
19	adducam	7	1	0.0709	77.1631	19	2.4
19	exorem	6	1	0.0709	77.234	19	2.4
19	dignus	6	1	0.0709	77.305	19	2.4
19	odium	5	1	0.0709	77.3759	19	2.4
19	putare	6	1	0.0709	77.4468	19	2.4
19	solvi	5	1	0.0709	77.5177	19	2.4
19	admones	7	1	0.0709	77.5887	19	2.4
19	dedam	5	1	0.0709	77.6596	19	2.4
19	negoti	6	1	0.0709	77.7305	19	2.4
19	quidnam	7	1	0.0709	77.8014	19	2.4
19	vinctust	8	1	0.0709	77.8723	19	2.4
19	iube	4	1	0.0709	77.9433	19	2.4
19	matura	6	1	0.0709	78.0142	19	2.4
19	mutat	5	1	0.0709	78.0851	19	2.4
19	faustum	7	1	0.0709	78.156	19	2.4
19	felicem	7	1	0.0709	78.227	19	2.4
19	diem	4	1	0.0709	78.2979	19	2.4
19	aliquis	7	1	0.0709	78.3688	19	2.4
19	forsitan	8	1	0.0709	78.4397	19	2.4
19	putet	5	1	0.0709	78.5106	19	2.4
19	accipio	7	1	0.0709	78.5816	19	2.4
19	possedi	7	1	0.0709	78.6525	19	2.4
19	nodum	5	1	0.0709	78.7234	19	2.4
19	medicari	8	1	0.0709	78.7943	19	2.4
19	scirpo	6	1	0.0709	78.8652	19	2.4
19	memoriam	8	1	0.0709	78.9362	19	2.4
19	meae	4	1	0.0709	79.0071	19	2.4
19	voluptati	9	1	0.0709	79.078	19	2.4
19	obstare	7	1	0.0709	79.1489	19	2.4
19	patris	6	1	0.0709	79.2199	19	2.4
19	heus	4	1	0.0709	79.2908	19	2.4
19	lepidum	7	1	0.0709	79.3617	19	2.4
19	chreme	6	1	0.0709	79.4326	19	2.4
19	pasibulast	10	1	0.0709	79.5035	19	2.4
19	ipsa	4	1	0.0709	79.5745	19	2.4
19	miliens	7	1	0.0709	79.6454	19	2.4
19	audivi	6	1	0.0709	79.7163	19	2.4
19	restat	6	1	0.0709	79.7872	19	2.4
19	credam	6	1	0.0709	79.8582	19	2.4
19	bone	4	1	0.0709	79.9291	19	2.4
19	expedies	8	1	0.0709	80	19	2.4
19	abs	3	1	0.0709	80.0709	19	2.4
19	morigera	8	1	0.0709	80.1418	19	2.4
19	seu	3	1	0.0709	80.2128	19	2.4
19	maxumi	6	1	0.0709	80.2837	19	2.4
19	fecit	5	1	0.0709	80.3546	19	2.4
19	semper	6	1	0.0709	80.4255	19	2.4
19	causam	6	1	0.0709	80.4965	19	2.4
19	sive	4	1	0.0709	80.5674	19	2.4
19	loco	4	1	0.0709	80.6383	19	2.4
19	dilexi	6	1	0.0709	80.7092	19	2.4
19	fratri	6	1	0.0709	80.7801	19	2.4
19	germani	7	1	0.0709	80.8511	19	2.4
19	deseras	7	1	0.0709	80.922	19	2.4
19	neu	3	1	0.0709	80.9929	19	2.4
19	segreges	8	1	0.0709	81.0638	19	2.4
19	obtestor	8	1	0.0709	81.1348	19	2.4
19	rebus	5	1	0.0709	81.2057	19	2.4
19	saltem	6	1	0.0709	81.2766	19	2.4
19	illi	4	1	0.0709	81.3475	19	2.4
19	utraeque	8	1	0.0709	81.4184	19	2.4
19	inutiles	8	1	0.0709	81.4894	19	2.4
19	pudicitiam	10	1	0.0709	81.5603	19	2.4
19	tutandam	8	1	0.0709	81.6312	19	2.4
19	sient	5	1	0.0709	81.7021	19	2.4
19	ineptam	7	1	0.0709	81.773	19	2.4
19	solitudinem	11	1	0.0709	81.844	19	2.4
19	dexteram	8	1	0.0709	81.9149	19	2.4
19	oro	3	1	0.0709	81.9858	19	2.4
19	genium	6	1	0.0709	82.0567	19	2.4
19	tuom	4	1	0.0709	82.1277	19	2.4
19	tuam	4	1	0.0709	82.1986	19	2.4
19	perque	6	1	0.0709	82.2695	19	2.4
19	ullam	5	1	0.0709	82.3404	19	2.4
19	omnibus	7	1	0.0709	82.4113	19	2.4
19	falsam	6	1	0.0709	82.4823	19	2.4
19	unum	4	1	0.0709	82.5532	19	2.4
19	servabo	7	1	0.0709	82.6241	19	2.4
19	censen	6	1	0.0709	82.695	19	2.4
19	abis	4	1	0.0709	82.766	19	2.4
19	obstipui	8	1	0.0709	82.8369	19	2.4
19	suspende	8	1	0.0709	82.9078	19	2.4
19	audin	5	1	0.0709	82.9787	19	2.4
19	cave	4	1	0.0709	83.0496	19	2.4
19	accepi	6	1	0.0709	83.1206	19	2.4
19	nuptiis	7	1	0.0709	83.1915	19	2.4
19	morbum	6	1	0.0709	83.2624	19	2.4
19	charinum	8	1	0.0709	83.3333	19	2.4
19	ac	2	1	0.0709	83.4043	19	2.4
19	pol	3	1	0.0709	83.4752	19	2.4
19	cito	4	1	0.0709	83.5461	19	2.4
19	acceptam	8	1	0.0709	83.617	19	2.4
19	occupat	7	1	0.0709	83.6879	19	2.4
19	isti	4	1	0.0709	83.7589	19	2.4
19	nostra	6	1	0.0709	83.8298	19	2.4
19	virum	5	1	0.0709	83.9007	19	2.4
19	do	2	1	0.0709	83.9716	19	2.4
19	amicum	6	1	0.0709	84.0426	19	2.4
19	tutorem	7	1	0.0709	84.1135	19	2.4
19	proloqui	8	1	0.0709	84.1844	19	2.4
19	bona	4	1	0.0709	84.2553	19	2.4
19	permitto	8	1	0.0709	84.3262	19	2.4
19	ipsam	5	1	0.0709	84.3972	19	2.4
19	ullum	5	1	0.0709	84.4681	19	2.4
19	mando	5	1	0.0709	84.539	19	2.4
19	fidei	5	1	0.0709	84.6099	19	2.4
19	manum	5	1	0.0709	84.6809	19	2.4
19	potuisse	8	1	0.0709	84.7518	19	2.4
19	continuo	8	1	0.0709	84.8227	19	2.4
19	clam	4	1	0.0709	84.8936	19	2.4
19	vides	5	1	0.0709	84.9645	19	2.4
19	visust	6	1	0.0709	85.0355	19	2.4
19	decipi	6	1	0.0709	85.1064	19	2.4
19	eductum	7	1	0.0709	85.1773	19	2.4
19	doctum	6	1	0.0709	85.2482	19	2.4
19	eius	4	1	0.0709	85.3191	19	2.4
19	pudice	6	1	0.0709	85.3901	19	2.4
19	curae	5	1	0.0709	85.461	19	2.4
19	habuerim	8	1	0.0709	85.5319	19	2.4
19	caram	5	1	0.0709	85.6028	19	2.4
19	egregie	7	1	0.0709	85.6738	19	2.4
19	credidit	8	1	0.0709	85.7447	19	2.4
19	divorsae	8	1	0.0709	85.8156	19	2.4
19	omnem	5	1	0.0709	85.8865	19	2.4
19	suom	4	1	0.0709	85.9574	19	2.4
19	trahunt	7	1	0.0709	86.0284	19	2.4
19	miseram	7	1	0.0709	86.0993	19	2.4
19	propter	7	1	0.0709	86.1702	19	2.4
19	egestate	8	1	0.0709	86.2411	19	2.4
19	leni	4	1	0.0709	86.3121	19	2.4
19	lubitumst	9	1	0.0709	86.383	19	2.4
19	adhuc	5	1	0.0709	86.4539	19	2.4
19	eine	4	1	0.0709	86.5248	19	2.4
19	advorser	8	1	0.0709	86.5957	19	2.4
19	incertumst	10	1	0.0709	86.6667	19	2.4
19	passus	6	1	0.0709	86.7376	19	2.4
19	loquitur	8	1	0.0709	86.8085	19	2.4
19	misericordia	12	1	0.0709	86.8794	19	2.4
19	sollicitatio	12	1	0.0709	86.9504	19	2.4
19	agit	4	1	0.0709	87.0213	19	2.4
19	egone	5	1	0.0709	87.0922	19	2.4
19	nuptiarum	9	1	0.0709	87.1631	19	2.4
19	conari	6	1	0.0709	87.234	19	2.4
19	queam	5	1	0.0709	87.305	19	2.4
19	coactum	7	1	0.0709	87.3759	19	2.4
19	ingenium	8	1	0.0709	87.4468	19	2.4
19	aetatem	7	1	0.0709	87.5177	19	2.4
19	vocat	5	1	0.0709	87.5887	19	2.4
19	siquis	6	1	0.0709	87.6596	19	2.4
19	rescissem	9	1	0.0709	87.7305	19	2.4
19	chrysidis	9	1	0.0709	87.8014	19	2.4
19	obmutui	7	1	0.0709	87.8723	19	2.4
19	ferme	5	1	0.0709	87.9433	19	2.4
19	moriens	7	1	0.0709	88.0142	19	2.4
19	accessi	7	1	0.0709	88.0851	19	2.4
19	roget	5	1	0.0709	88.156	19	2.4
19	vos	3	1	0.0709	88.227	19	2.4
19	semotae	7	1	0.0709	88.2979	19	2.4
19	iniquam	7	1	0.0709	88.3688	19	2.4
19	soli	4	1	0.0709	88.4397	19	2.4
19	incipit	7	1	0.0709	88.5106	19	2.4
19	formam	6	1	0.0709	88.5816	19	2.4
19	dicta	5	1	0.0709	88.6525	19	2.4
19	scripta	7	1	0.0709	88.7234	19	2.4
19	inmutarier	10	1	0.0709	88.7943	19	2.4
19	ferum	5	1	0.0709	88.8652	19	2.4
19	inpediunt	9	1	0.0709	88.9362	19	2.4
19	ignavom	7	1	0.0709	89.0071	19	2.4
19	putas	5	1	0.0709	89.078	19	2.4
19	porro	5	1	0.0709	89.1489	19	2.4
19	ingratum	8	1	0.0709	89.2199	19	2.4
19	inhumanum	9	1	0.0709	89.2908	19	2.4
19	tot	3	1	0.0709	89.3617	19	2.4
19	exsequar	8	1	0.0709	89.4326	19	2.4
19	consuetudo	10	1	0.0709	89.5035	19	2.4
19	commoveat	9	1	0.0709	89.5745	19	2.4
19	commoneat	9	1	0.0709	89.6454	19	2.4
19	servem	6	1	0.0709	89.7163	19	2.4
19	memor	5	1	0.0709	89.7872	19	2.4
19	essem	5	1	0.0709	89.8582	19	2.4
19	dicere	6	1	0.0709	89.9291	19	2.4
19	auxilium	8	1	0.0709	90	19	2.4
19	inpeditum	9	1	0.0709	90.0709	19	2.4
19	autem	5	1	0.0709	90.1418	19	2.4
19	usquam	6	1	0.0709	90.2128	19	2.4
19	erit	4	1	0.0709	90.2837	19	2.4
19	alibi	5	1	0.0709	90.3546	19	2.4
19	istic	5	1	0.0709	90.4255	19	2.4
19	ehem	4	1	0.0709	90.4965	19	2.4
19	pacto	5	1	0.0709	90.5674	19	2.4
19	darem	5	1	0.0709	90.6383	19	2.4
19	adfinitatem	11	1	0.0709	90.7092	19	2.4
19	sciret	6	1	0.0709	90.7801	19	2.4
19	obsecravit	10	1	0.0709	90.8511	19	2.4
19	suscepturum	11	1	0.0709	90.922	19	2.4
19	pollicitus	10	1	0.0709	90.9929	19	2.4
19	cautiost	8	1	0.0709	91.0638	19	2.4
19	resciscat	9	1	0.0709	91.1348	19	2.4
19	puerum	6	1	0.0709	91.2057	19	2.4
19	eo	2	1	0.0709	91.2766	19	2.4
19	modis	5	1	0.0709	91.3475	19	2.4
19	transacta	9	1	0.0709	91.4184	19	2.4
19	simulat	7	1	0.0709	91.4894	19	2.4
19	facta	5	1	0.0709	91.5603	19	2.4
19	spretu	6	1	0.0709	91.6312	19	2.4
19	eiciat	6	1	0.0709	91.7021	19	2.4
19	contemptu	9	1	0.0709	91.773	19	2.4
19	quot	4	1	0.0709	91.844	19	2.4
19	inducas	7	1	0.0709	91.9149	19	2.4
19	noli	4	1	0.0709	91.9858	19	2.4
19	excludar	8	1	0.0709	92.0567	19	2.4
19	concludar	9	1	0.0709	92.1277	19	2.4
19	itan	4	1	0.0709	92.1986	19	2.4
19	credis	6	1	0.0709	92.2695	19	2.4
19	vide	4	1	0.0709	92.3404	19	2.4
19	chremeti	8	1	0.0709	92.4113	19	2.4
19	vbi	3	1	0.0709	92.4823	19	2.4
19	repudiatu	9	1	0.0709	92.5532	19	2.4
19	audeam	6	1	0.0709	92.6241	19	2.4
19	negabon	7	1	0.0709	92.695	19	2.4
19	velle	5	1	0.0709	92.766	19	2.4
19	pollicitu	9	1	0.0709	92.8369	19	2.4
19	hominum	7	1	0.0709	92.9078	19	2.4
19	qua	3	1	0.0709	92.9787	19	2.4
19	audacia	7	1	0.0709	93.0496	19	2.4
19	quemquam	8	1	0.0709	93.1206	19	2.4
19	inultum	7	1	0.0709	93.1915	19	2.4
19	quomque	7	1	0.0709	93.2624	19	2.4
19	vir	3	1	0.0709	93.3333	19	2.4
19	ais	3	1	0.0709	93.4043	19	2.4
19	viden	5	1	0.0709	93.4752	19	2.4
19	infelicem	9	1	0.0709	93.5461	19	2.4
19	tuis	4	1	0.0709	93.617	19	2.4
19	auferet	7	1	0.0709	93.6879	19	2.4
19	fero	4	1	0.0709	93.7589	19	2.4
19	illicest	8	1	0.0709	93.8298	19	2.4
19	iners	5	1	0.0709	93.9007	19	2.4
19	scelu	5	1	0.0709	93.9716	19	2.4
19	perdidit	8	1	0.0709	94.0426	19	2.4
19	confiteor	9	1	0.0709	94.1135	19	2.4
19	iure	4	1	0.0709	94.1844	19	2.4
19	obtigisse	9	1	0.0709	94.2553	19	2.4
19	quandoquidem	12	1	0.0709	94.3262	19	2.4
19	nulli	5	1	0.0709	94.3972	19	2.4
19	stultitiam	10	1	0.0709	94.4681	19	2.4
19	servon	6	1	0.0709	94.539	19	2.4
19	fortunas	8	1	0.0709	94.6099	19	2.4
19	nullon	6	1	0.0709	94.6809	19	2.4
19	commisisse	10	1	0.0709	94.7518	19	2.4
19	futtili	7	1	0.0709	94.8227	19	2.4
19	pretium	7	1	0.0709	94.8936	19	2.4
19	omnia	5	1	0.0709	94.9645	19	2.4
19	repetor	7	1	0.0709	95.0355	19	2.4
19	copiam	6	1	0.0709	95.1064	19	2.4
19	cordi	5	1	0.0709	95.1773	19	2.4
19	istas	5	1	0.0709	95.2482	19	2.4
19	tantamne	8	1	0.0709	95.3191	19	2.4
19	adponi	6	1	0.0709	95.3901	19	2.4
19	gratiae	7	1	0.0709	95.461	19	2.4
19	postulare	9	1	0.0709	95.5319	19	2.4
19	mereat	6	1	0.0709	95.6028	19	2.4
19	neglegenter	11	1	0.0709	95.6738	19	2.4
19	is	2	1	0.0709	95.7447	19	2.4
19	puto	4	1	0.0709	95.8156	19	2.4
19	hominis	7	1	0.0709	95.8865	19	2.4
19	liberi	6	1	0.0709	95.9574	19	2.4
19	utiquam	7	1	0.0709	96.0284	19	2.4
19	nunciam	7	1	0.0709	96.0993	19	2.4
19	praeteriens	11	1	0.0709	96.1702	19	2.4
19	equidem	7	1	0.0709	96.2411	19	2.4
19	adipiscier	10	1	0.0709	96.3121	19	2.4
19	inquit	6	1	0.0709	96.383	19	2.4
19	quidnamst	9	1	0.0709	96.4539	19	2.4
19	aiunt	5	1	0.0709	96.5248	19	2.4
19	iste	4	1	0.0709	96.5957	19	2.4
19	para	4	1	0.0709	96.6667	19	2.4
19	mecum	5	1	0.0709	96.7376	19	2.4
19	sentit	6	1	0.0709	96.8085	19	2.4
19	ducendast	9	1	0.0709	96.8794	19	2.4
19	dabo	4	1	0.0709	96.9504	19	2.4
19	dic	3	1	0.0709	97.0213	19	2.4
19	num	3	1	0.0709	97.0922	19	2.4
19	ampliu	6	1	0.0709	97.1631	19	2.4
19	uxor	4	1	0.0709	97.234	19	2.4
19	forum	5	1	0.0709	97.305	19	2.4
19	vellem	6	1	0.0709	97.3759	19	2.4
19	malo	4	1	0.0709	97.4468	19	2.4
19	siquid	6	1	0.0709	97.5177	19	2.4
19	signum	6	1	0.0709	97.5887	19	2.4
19	alunt	5	1	0.0709	97.6596	19	2.4
19	quoniam	7	1	0.0709	97.7305	19	2.4
19	ea	2	1	0.0709	97.8014	19	2.4
19	hercle	6	1	0.0709	97.8723	19	2.4
19	certe	5	1	0.0709	97.9433	19	2.4
19	dubio	5	1	0.0709	98.0142	19	2.4
19	vitast	6	1	0.0709	98.0851	19	2.4
19	ipsum	5	1	0.0709	98.156	19	2.4
19	resiste	7	1	0.0709	98.227	19	2.4
19	monstri	7	1	0.0709	98.2979	19	2.4
19	libera	6	1	0.0709	98.3688	19	2.4
19	suspicor	8	1	0.0709	98.4397	19	2.4
19	quorsu	6	1	0.0709	98.5106	19	2.4
19	perge	5	1	0.0709	98.5816	19	2.4
19	magnum	6	1	0.0709	98.6525	19	2.4
19	humanum	7	1	0.0709	98.7234	19	2.4
19	ades	4	1	0.0709	98.7943	19	2.4
19	potes	5	1	0.0709	98.8652	19	2.4
19	itur	4	1	0.0709	98.9362	19	2.4
19	byrria	6	1	0.0709	99.0071	19	2.4
19	facite	6	1	0.0709	99.078	19	2.4
19	fingite	7	1	0.0709	99.1489	19	2.4
19	invenite	8	1	0.0709	99.2199	19	2.4
19	efficite	8	1	0.0709	99.2908	19	2.4
19	patre	5	1	0.0709	99.3617	19	2.4
19	optume	6	1	0.0709	99.4326	19	2.4
19	nemini	6	1	0.0709	99.5035	19	2.4
19	quoius	6	1	0.0709	99.5745	19	2.4
19	consilio	8	1	0.0709	99.6454	19	2.4
19	potest	6	1	0.0709	99.7163	19	2.4
19	obtrudi	7	1	0.0709	99.7872	19	2.4
19	rescivit	8	1	0.0709	99.8582	19	2.4
19	mala	4	1	0.0709	99.9291	19	2.4
19	factum	6	1	0.0709	100	19	2.4
