rank	word	wordlength	count	frequency(count*100/1126)	sum frequency	zipf(rank*count)	zipf(max/rank)
1	me	2	20	1.7762	1.7762	20	20
1	quid	4	20	1.7762	3.5524	20	20
2	non	3	18	1.5986	5.151	36	10
3	te	2	15	1.3321	6.4831	45	6.7
4	ut	2	14	1.2433	7.7265	56	5
5	et	2	13	1.1545	8.881	65	4
6	quam	4	12	1.0657	9.9467	72	3.3
7	id	2	11	0.9769	10.9236	77	2.9
7	si	2	11	0.9769	11.9005	77	2.9
7	hic	3	11	0.9769	12.8774	77	2.9
7	est	3	11	0.9769	13.8544	77	2.9
7	hoc	3	11	0.9769	14.8313	77	2.9
7	mihi	4	11	0.9769	15.8082	77	2.9
8	ego	3	10	0.8881	16.6963	80	2.5
8	rem	3	10	0.8881	17.5844	80	2.5
9	ita	3	9	0.7993	18.3837	81	2.2
9	mi	2	9	0.7993	19.1829	81	2.2
9	neque	5	9	0.7993	19.9822	81	2.2
10	esse	4	8	0.7105	20.6927	80	2
10	tibi	4	8	0.7105	21.4032	80	2
10	tu	2	8	0.7105	22.1137	80	2
10	phaedria	8	8	0.7105	22.8242	80	2
11	nunc	4	7	0.6217	23.4458	77	1.8
11	atque	5	7	0.6217	24.0675	77	1.8
11	sum	3	7	0.6217	24.6892	77	1.8
11	ad	2	7	0.6217	25.3108	77	1.8
12	qui	3	6	0.5329	25.8437	72	1.7
12	ne	2	6	0.5329	26.3766	72	1.7
12	illam	5	6	0.5329	26.9094	72	1.7
13	nam	3	5	0.444	27.3535	65	1.5
13	ob	2	5	0.444	27.7975	65	1.5
13	is	2	5	0.444	28.2416	65	1.5
13	chaerea	7	5	0.444	28.6856	65	1.5
13	hanc	4	5	0.444	29.1297	65	1.5
13	haec	4	5	0.444	29.5737	65	1.5
13	intro	5	5	0.444	30.0178	65	1.5
13	in	2	5	0.444	30.4618	65	1.5
13	ubi	3	5	0.444	30.9059	65	1.5
14	sine	4	4	0.3552	31.2611	56	1.4
14	feci	4	4	0.3552	31.6163	56	1.4
14	hinc	4	4	0.3552	31.9716	56	1.4
14	dum	3	4	0.3552	32.3268	56	1.4
14	sed	3	4	0.3552	32.6821	56	1.4
14	quod	4	4	0.3552	33.0373	56	1.4
14	a	1	4	0.3552	33.3925	56	1.4
14	venit	5	4	0.3552	33.7478	56	1.4
14	adeo	4	4	0.3552	34.103	56	1.4
14	eam	3	4	0.3552	34.4583	56	1.4
14	virginem	8	4	0.3552	34.8135	56	1.4
14	pol	3	4	0.3552	35.1687	56	1.4
14	quae	4	4	0.3552	35.524	56	1.4
14	obsecro	7	4	0.3552	35.8792	56	1.4
14	scio	4	4	0.3552	36.2345	56	1.4
15	cum	3	3	0.2664	36.5009	45	1.3
15	tum	3	3	0.2664	36.7673	45	1.3
15	cupio	5	3	0.2664	37.0337	45	1.3
15	dono	4	3	0.2664	37.3002	45	1.3
15	interea	7	3	0.2664	37.5666	45	1.3
15	volo	4	3	0.2664	37.833	45	1.3
15	mater	5	3	0.2664	38.0995	45	1.3
15	ex	2	3	0.2664	38.3659	45	1.3
15	nil	3	3	0.2664	38.6323	45	1.3
15	verum	5	3	0.2664	38.8988	45	1.3
15	se	2	3	0.2664	39.1652	45	1.3
15	ac	2	3	0.2664	39.4316	45	1.3
15	sororem	7	3	0.2664	39.698	45	1.3
15	apud	4	3	0.2664	39.9645	45	1.3
15	omnia	5	3	0.2664	40.2309	45	1.3
15	frater	6	3	0.2664	40.4973	45	1.3
15	mane	4	3	0.2664	40.7638	45	1.3
15	domi	4	3	0.2664	41.0302	45	1.3
15	vis	3	3	0.2664	41.2966	45	1.3
15	ehem	4	3	0.2664	41.5631	45	1.3
15	chreme	6	3	0.2664	41.8295	45	1.3
15	modo	4	3	0.2664	42.0959	45	1.3
15	res	3	3	0.2664	42.3623	45	1.3
15	fuit	4	3	0.2664	42.6288	45	1.3
15	ipse	4	3	0.2664	42.8952	45	1.3
15	aut	3	3	0.2664	43.1616	45	1.3
15	num	3	3	0.2664	43.4281	45	1.3
15	verba	5	3	0.2664	43.6945	45	1.3
15	es	2	3	0.2664	43.9609	45	1.3
15	plus	4	3	0.2664	44.2274	45	1.3
15	pythias	7	3	0.2664	44.4938	45	1.3
15	tamen	5	3	0.2664	44.7602	45	1.3
15	iam	3	3	0.2664	45.0266	45	1.3
15	dic	3	3	0.2664	45.2931	45	1.3
15	primum	6	3	0.2664	45.5595	45	1.3
15	quo	3	3	0.2664	45.8259	45	1.3
16	hodie	5	2	0.1776	46.0036	32	1.3
16	amabo	5	2	0.1776	46.1812	32	1.3
16	eiu	3	2	0.1776	46.3588	32	1.3
16	quia	4	2	0.1776	46.5364	32	1.3
16	virginis	8	2	0.1776	46.714	32	1.3
16	mea	3	2	0.1776	46.8917	32	1.3
16	habeam	6	2	0.1776	47.0693	32	1.3
16	fecisti	7	2	0.1776	47.2469	32	1.3
16	salve	5	2	0.1776	47.4245	32	1.3
16	tute	4	2	0.1776	47.6021	32	1.3
16	quicquam	8	2	0.1776	47.7798	32	1.3
16	enim	4	2	0.1776	47.9574	32	1.3
16	miles	5	2	0.1776	48.135	32	1.3
16	diligenter	10	2	0.1776	48.3126	32	1.3
16	fac	3	2	0.1776	48.4902	32	1.3
16	istuc	5	2	0.1776	48.6679	32	1.3
16	atqui	5	2	0.1776	48.8455	32	1.3
16	habeo	5	2	0.1776	49.0231	32	1.3
16	equidem	7	2	0.1776	49.2007	32	1.3
16	quidquid	8	2	0.1776	49.3783	32	1.3
16	istic	5	2	0.1776	49.556	32	1.3
16	at	2	2	0.1776	49.7336	32	1.3
16	merito	6	2	0.1776	49.9112	32	1.3
16	illum	5	2	0.1776	50.0888	32	1.3
16	meo	3	2	0.1776	50.2664	32	1.3
16	suis	4	2	0.1776	50.444	32	1.3
16	abducere	8	2	0.1776	50.6217	32	1.3
16	maxume	6	2	0.1776	50.7993	32	1.3
16	animo	5	2	0.1776	50.9769	32	1.3
16	misera	6	2	0.1776	51.1545	32	1.3
16	tandem	6	2	0.1776	51.3321	32	1.3
16	abs	3	2	0.1776	51.5098	32	1.3
16	vir	3	2	0.1776	51.6874	32	1.3
16	biduom	6	2	0.1776	51.865	32	1.3
16	habeat	6	2	0.1776	52.0426	32	1.3
16	parvam	6	2	0.1776	52.2202	32	1.3
16	fidem	5	2	0.1776	52.3979	32	1.3
16	scelesta	8	2	0.1776	52.5755	32	1.3
16	habere	6	2	0.1776	52.7531	32	1.3
16	abiit	5	2	0.1776	52.9307	32	1.3
16	bene	4	2	0.1776	53.1083	32	1.3
16	virgo	5	2	0.1776	53.286	32	1.3
16	igitur	6	2	0.1776	53.4636	32	1.3
16	hac	3	2	0.1776	53.6412	32	1.3
16	ilico	5	2	0.1776	53.8188	32	1.3
16	ais	3	2	0.1776	53.9964	32	1.3
16	aliud	5	2	0.1776	54.1741	32	1.3
16	minu	4	2	0.1776	54.3517	32	1.3
16	miseram	7	2	0.1776	54.5293	32	1.3
16	forte	5	2	0.1776	54.7069	32	1.3
16	arbitror	8	2	0.1776	54.8845	32	1.3
16	parvolam	8	2	0.1776	55.0622	32	1.3
16	huc	3	2	0.1776	55.2398	32	1.3
16	parmeno	7	2	0.1776	55.4174	32	1.3
16	mercator	8	2	0.1776	55.595	32	1.3
16	quis	4	2	0.1776	55.7726	32	1.3
16	abreptam	8	2	0.1776	55.9503	32	1.3
16	erat	4	2	0.1776	56.1279	32	1.3
16	matri	5	2	0.1776	56.3055	32	1.3
16	e	1	2	0.1776	56.4831	32	1.3
16	quemquam	8	2	0.1776	56.6607	32	1.3
16	quor	4	2	0.1776	56.8384	32	1.3
16	istaec	6	2	0.1776	57.016	32	1.3
16	signa	5	2	0.1776	57.1936	32	1.3
16	missa	5	2	0.1776	57.3712	32	1.3
16	uti	3	2	0.1776	57.5488	32	1.3
16	taces	5	2	0.1776	57.7265	32	1.3
16	meam	4	2	0.1776	57.9041	32	1.3
16	illo	4	2	0.1776	58.0817	32	1.3
16	uno	3	2	0.1776	58.2593	32	1.3
17	inhumano	8	1	0.0888	58.3481	17	1.2
17	ereptum	7	1	0.0888	58.4369	17	1.2
17	nutricem	8	1	0.0888	58.5258	17	1.2
17	vi	2	1	0.0888	58.6146	17	1.2
17	potens	6	1	0.0888	58.7034	17	1.2
17	accersitum	10	1	0.0888	58.7922	17	1.2
17	east	4	1	0.0888	58.881	17	1.2
17	iit	3	1	0.0888	58.9698	17	1.2
17	amittas	7	1	0.0888	59.0586	17	1.2
17	aluit	5	1	0.0888	59.1474	17	1.2
17	cistellam	9	1	0.0888	59.2362	17	1.2
17	notu	4	1	0.0888	59.325	17	1.2
17	accipias	8	1	0.0888	59.4139	17	1.2
17	cognoscendo	11	1	0.0888	59.5027	17	1.2
17	aderi	5	1	0.0888	59.5915	17	1.2
17	priu	4	1	0.0888	59.6803	17	1.2
17	cave	4	1	0.0888	59.7691	17	1.2
17	preti	5	1	0.0888	59.8579	17	1.2
17	minus	5	1	0.0888	59.9467	17	1.2
17	amicorum	8	1	0.0888	60.0355	17	1.2
17	abi	3	1	0.0888	60.1243	17	1.2
17	immo	4	1	0.0888	60.2131	17	1.2
17	opust	5	1	0.0888	60.302	17	1.2
17	paullulum	9	1	0.0888	60.3908	17	1.2
17	nesciam	7	1	0.0888	60.4796	17	1.2
17	cogitato	8	1	0.0888	60.5684	17	1.2
17	desinas	7	1	0.0888	60.6572	17	1.2
17	quicum	6	1	0.0888	60.746	17	1.2
17	homo	4	1	0.0888	60.8348	17	1.2
17	pater	5	1	0.0888	60.9236	17	1.2
17	valeat	6	1	0.0888	61.0124	17	1.2
17	formidulosus	12	1	0.0888	61.1012	17	1.2
17	amor	4	1	0.0888	61.1901	17	1.2
17	tibist	6	1	0.0888	61.2789	17	1.2
17	domo	4	1	0.0888	61.3677	17	1.2
17	cessas	6	1	0.0888	61.4565	17	1.2
17	peregrinus	10	1	0.0888	61.5453	17	1.2
17	illa	4	1	0.0888	61.6341	17	1.2
17	risco	5	1	0.0888	61.7229	17	1.2
17	opperirier	10	1	0.0888	61.8117	17	1.2
17	aderit	6	1	0.0888	61.9005	17	1.2
17	monumentis	10	1	0.0888	61.9893	17	1.2
17	inperita	8	1	0.0888	62.0782	17	1.2
17	ecfer	5	1	0.0888	62.167	17	1.2
17	ingenio	7	1	0.0888	62.2558	17	1.2
17	odiosa	6	1	0.0888	62.3446	17	1.2
17	vin	3	1	0.0888	62.4334	17	1.2
17	pro	3	1	0.0888	62.5222	17	1.2
17	digito	6	1	0.0888	62.611	17	1.2
17	optume	6	1	0.0888	62.6998	17	1.2
17	sint	4	1	0.0888	62.7886	17	1.2
17	an	2	1	0.0888	62.8774	17	1.2
17	magnifica	9	1	0.0888	62.9663	17	1.2
17	ineptiam	8	1	0.0888	63.0551	17	1.2
17	possum	6	1	0.0888	63.1439	17	1.2
17	ferre	5	1	0.0888	63.2327	17	1.2
17	illius	6	1	0.0888	63.3215	17	1.2
17	usque	5	1	0.0888	63.4103	17	1.2
17	ecfodientur	11	1	0.0888	63.4991	17	1.2
17	oculi	5	1	0.0888	63.5879	17	1.2
17	attigerit	9	1	0.0888	63.6767	17	1.2
17	pudet	5	1	0.0888	63.7655	17	1.2
17	adest	5	1	0.0888	63.8544	17	1.2
17	i	1	1	0.0888	63.9432	17	1.2
17	prae	4	1	0.0888	64.032	17	1.2
17	sequor	6	1	0.0888	64.1208	17	1.2
17	veniat	6	1	0.0888	64.2096	17	1.2
17	eripiat	7	1	0.0888	64.2984	17	1.2
17	adfuturum	9	1	0.0888	64.3872	17	1.2
17	chremem	7	1	0.0888	64.476	17	1.2
17	credo	5	1	0.0888	64.5648	17	1.2
17	sequimini	9	1	0.0888	64.6536	17	1.2
17	vos	3	1	0.0888	64.7425	17	1.2
17	facite	6	1	0.0888	64.8313	17	1.2
17	adsiti	6	1	0.0888	64.9201	17	1.2
17	conferentur	11	1	0.0888	65.0089	17	1.2
17	vapulabit	9	1	0.0888	65.0977	17	1.2
17	repeto	6	1	0.0888	65.1865	17	1.2
17	ante	4	1	0.0888	65.2753	17	1.2
17	do	2	1	0.0888	65.3641	17	1.2
17	ignosco	7	1	0.0888	65.4529	17	1.2
17	dignumst	8	1	0.0888	65.5417	17	1.2
17	illaque	7	1	0.0888	65.6306	17	1.2
17	opperiamur	10	1	0.0888	65.7194	17	1.2
17	teque	5	1	0.0888	65.8082	17	1.2
17	educta	6	1	0.0888	65.897	17	1.2
17	passa	5	1	0.0888	65.9858	17	1.2
17	multa	5	1	0.0888	66.0746	17	1.2
17	huiusmodi	9	1	0.0888	66.1634	17	1.2
17	potiu	5	1	0.0888	66.2522	17	1.2
17	restituere	10	1	0.0888	66.341	17	1.2
17	reddere	7	1	0.0888	66.4298	17	1.2
17	o	1	1	0.0888	66.5187	17	1.2
17	studeo	6	1	0.0888	66.6075	17	1.2
17	ostium	6	1	0.0888	66.6963	17	1.2
17	omnem	5	1	0.0888	66.7851	17	1.2
17	attinere	8	1	0.0888	66.8739	17	1.2
17	au	2	1	0.0888	66.9627	17	1.2
17	factam	6	1	0.0888	67.0515	17	1.2
17	propter	7	1	0.0888	67.1403	17	1.2
17	turbam	6	1	0.0888	67.2291	17	1.2
17	scin	4	1	0.0888	67.3179	17	1.2
17	exspectabam	11	1	0.0888	67.4067	17	1.2
17	ipsum	5	1	0.0888	67.4956	17	1.2
17	tace	4	1	0.0888	67.5844	17	1.2
17	habens	6	1	0.0888	67.6732	17	1.2
17	bone	4	1	0.0888	67.762	17	1.2
17	opus	4	1	0.0888	67.8508	17	1.2
17	nos	3	1	0.0888	67.9396	17	1.2
17	praedicas	9	1	0.0888	68.0284	17	1.2
17	digna	5	1	0.0888	68.1172	17	1.2
17	vera	4	1	0.0888	68.206	17	1.2
17	siquidem	8	1	0.0888	68.2948	17	1.2
17	contumelia	10	1	0.0888	68.3837	17	1.2
17	indignu	7	1	0.0888	68.4725	17	1.2
17	infelix	7	1	0.0888	68.5613	17	1.2
17	occidi	6	1	0.0888	68.6501	17	1.2
17	hem	3	1	0.0888	68.7389	17	1.2
17	faceres	7	1	0.0888	68.8277	17	1.2
17	adductust	9	1	0.0888	68.9165	17	1.2
17	venefica	8	1	0.0888	69.0053	17	1.2
17	faciamu	7	1	0.0888	69.0941	17	1.2
17	edepol	6	1	0.0888	69.1829	17	1.2
17	consili	7	1	0.0888	69.2718	17	1.2
17	capiam	6	1	0.0888	69.3606	17	1.2
17	istam	5	1	0.0888	69.4494	17	1.2
17	factumst	8	1	0.0888	69.5382	17	1.2
17	eunuchus	8	1	0.0888	69.627	17	1.2
17	opticet	7	1	0.0888	69.7158	17	1.2
17	lacrumans	9	1	0.0888	69.8046	17	1.2
17	veste	5	1	0.0888	69.8934	17	1.2
17	de	2	1	0.0888	69.9822	17	1.2
17	conscissa	9	1	0.0888	70.071	17	1.2
17	virgine	7	1	0.0888	70.1599	17	1.2
17	dignum	6	1	0.0888	70.2487	17	1.2
17	lacrumat	8	1	0.0888	70.3375	17	1.2
17	dictura	7	1	0.0888	70.4263	17	1.2
17	sic	3	1	0.0888	70.5151	17	1.2
17	aufugistin	10	1	0.0888	70.6039	17	1.2
17	satine	6	1	0.0888	70.6927	17	1.2
17	adeamu	6	1	0.0888	70.7815	17	1.2
17	placet	6	1	0.0888	70.8703	17	1.2
17	stulta	6	1	0.0888	70.9591	17	1.2
17	credin	6	1	0.0888	71.048	17	1.2
17	faciemu	7	1	0.0888	71.1368	17	1.2
17	video	5	1	0.0888	71.2256	17	1.2
17	inpune	6	1	0.0888	71.3144	17	1.2
17	hominis	7	1	0.0888	71.4032	17	1.2
17	illuc	5	1	0.0888	71.492	17	1.2
17	data	4	1	0.0888	71.5808	17	1.2
17	habiturum	9	1	0.0888	71.6696	17	1.2
17	sacrilega	9	1	0.0888	71.7584	17	1.2
17	dispudet	8	1	0.0888	71.8472	17	1.2
17	commisisti	10	1	0.0888	71.9361	17	1.2
17	saevitiam	9	1	0.0888	72.0249	17	1.2
17	lupo	4	1	0.0888	72.1137	17	1.2
17	veritus	7	1	0.0888	72.2025	17	1.2
17	ovem	4	1	0.0888	72.2913	17	1.2
17	feceras	7	1	0.0888	72.3801	17	1.2
17	abin	4	1	0.0888	72.4689	17	1.2
17	abiens	6	1	0.0888	72.5577	17	1.2
17	interminata	11	1	0.0888	72.6465	17	1.2
17	insana	6	1	0.0888	72.7353	17	1.2
17	istucine	8	1	0.0888	72.8242	17	1.2
17	aperte	6	1	0.0888	72.913	17	1.2
17	adfui	5	1	0.0888	73.0018	17	1.2
17	istis	5	1	0.0888	73.0906	17	1.2
17	accipioque	10	1	0.0888	73.1794	17	1.2
17	patrono	7	1	0.0888	73.2682	17	1.2
17	opu	3	1	0.0888	73.357	17	1.2
17	ipsist	6	1	0.0888	73.4458	17	1.2
17	beneficium	10	1	0.0888	73.5346	17	1.2
17	partem	6	1	0.0888	73.6234	17	1.2
17	huic	4	1	0.0888	73.7123	17	1.2
17	perii	5	1	0.0888	73.8011	17	1.2
17	pallium	7	1	0.0888	73.8899	17	1.2
17	attolle	7	1	0.0888	73.9787	17	1.2
17	dicas	5	1	0.0888	74.0675	17	1.2
17	praesenti	9	1	0.0888	74.1563	17	1.2
17	intellextin	11	1	0.0888	74.2451	17	1.2
17	parerem	7	1	0.0888	74.3339	17	1.2
17	hominem	7	1	0.0888	74.4227	17	1.2
17	ducito	6	1	0.0888	74.5115	17	1.2
17	ius	3	1	0.0888	74.6004	17	1.2
17	faciet	6	1	0.0888	74.6892	17	1.2
17	vim	3	1	0.0888	74.778	17	1.2
17	cape	4	1	0.0888	74.8668	17	1.2
17	propterea	9	1	0.0888	74.9556	17	1.2
17	dore	4	1	0.0888	75.0444	17	1.2
17	cognosse	8	1	0.0888	75.1332	17	1.2
17	amisisse	8	1	0.0888	75.222	17	1.2
17	mage	4	1	0.0888	75.3108	17	1.2
17	tuam	4	1	0.0888	75.3996	17	1.2
17	quem	4	1	0.0888	75.4885	17	1.2
17	solidum	7	1	0.0888	75.5773	17	1.2
17	istac	5	1	0.0888	75.6661	17	1.2
17	lubuit	6	1	0.0888	75.7549	17	1.2
17	audivi	6	1	0.0888	75.8437	17	1.2
17	conturbasti	11	1	0.0888	75.9325	17	1.2
17	nescio	6	1	0.0888	76.0213	17	1.2
17	loqui	5	1	0.0888	76.1101	17	1.2
17	perplexe	8	1	0.0888	76.1989	17	1.2
17	mecum	5	1	0.0888	76.2877	17	1.2
17	rationes	8	1	0.0888	76.3766	17	1.2
17	pergin	6	1	0.0888	76.4654	17	1.2
17	respondeat	10	1	0.0888	76.5542	17	1.2
17	omnis	5	1	0.0888	76.643	17	1.2
17	possim	6	1	0.0888	76.7318	17	1.2
17	quaere	6	1	0.0888	76.8206	17	1.2
17	aequom	6	1	0.0888	76.9094	17	1.2
17	defensorem	10	1	0.0888	76.9982	17	1.2
17	fuerat	6	1	0.0888	77.087	17	1.2
17	studui	6	1	0.0888	77.1758	17	1.2
17	agas	4	1	0.0888	77.2647	17	1.2
17	illoc	5	1	0.0888	77.3535	17	1.2
17	postea	6	1	0.0888	77.4423	17	1.2
17	metuas	6	1	0.0888	77.5311	17	1.2
17	magnus	6	1	0.0888	77.6199	17	1.2
17	tradere	7	1	0.0888	77.7087	17	1.2
17	nebulo	6	1	0.0888	77.7975	17	1.2
17	videatur	8	1	0.0888	77.8863	17	1.2
17	sane	4	1	0.0888	77.9751	17	1.2
17	paro	4	1	0.0888	78.0639	17	1.2
17	ostende	7	1	0.0888	78.1528	17	1.2
17	aliarum	7	1	0.0888	78.2416	17	1.2
17	curate	6	1	0.0888	78.3304	17	1.2
17	pervenire	9	1	0.0888	78.4192	17	1.2
17	agite	5	1	0.0888	78.508	17	1.2
17	credam	6	1	0.0888	78.5968	17	1.2
17	consilia	8	1	0.0888	78.6856	17	1.2
17	intumum	7	1	0.0888	78.7744	17	1.2
17	postilla	8	1	0.0888	78.8632	17	1.2
17	scis	4	1	0.0888	78.952	17	1.2
17	cognovi	7	1	0.0888	79.0409	17	1.2
17	loci	4	1	0.0888	79.1297	17	1.2
17	profectu	8	1	0.0888	79.2185	17	1.2
17	cariamst	8	1	0.0888	79.3073	17	1.2
17	occeperat	9	1	0.0888	79.3961	17	1.2
17	amare	5	1	0.0888	79.4849	17	1.2
17	itast	5	1	0.0888	79.5737	17	1.2
17	mortuast	8	1	0.0888	79.6625	17	1.2
17	reliquit	8	1	0.0888	79.7513	17	1.2
17	abii	4	1	0.0888	79.8401	17	1.2
17	hospite	7	1	0.0888	79.929	17	1.2
17	habebam	7	1	0.0888	80.0178	17	1.2
17	quocum	6	1	0.0888	80.1066	17	1.2
17	credebant	9	1	0.0888	80.1954	17	1.2
17	plerique	8	1	0.0888	80.2842	17	1.2
17	filia	5	1	0.0888	80.373	17	1.2
17	esset	5	1	0.0888	80.4618	17	1.2
17	educere	7	1	0.0888	80.5506	17	1.2
17	docere	6	1	0.0888	80.6394	17	1.2
17	studiose	8	1	0.0888	80.7282	17	1.2
17	illic	5	1	0.0888	80.8171	17	1.2
17	nuper	5	1	0.0888	80.9059	17	1.2
17	accepit	7	1	0.0888	80.9947	17	1.2
17	amicus	6	1	0.0888	81.0835	17	1.2
17	causas	6	1	0.0888	81.1723	17	1.2
17	fingit	6	1	0.0888	81.2611	17	1.2
17	quoque	6	1	0.0888	81.3499	17	1.2
17	tecum	5	1	0.0888	81.4387	17	1.2
17	sensit	6	1	0.0888	81.5275	17	1.2
17	postquam	8	1	0.0888	81.6163	17	1.2
17	omnium	6	1	0.0888	81.7052	17	1.2
17	ignaruque	9	1	0.0888	81.794	17	1.2
17	rerum	5	1	0.0888	81.8828	17	1.2
17	harum	5	1	0.0888	81.9716	17	1.2
17	inprudens	9	1	0.0888	82.0604	17	1.2
17	emit	4	1	0.0888	82.1492	17	1.2
17	meus	4	1	0.0888	82.238	17	1.2
17	aliquantum	10	1	0.0888	82.3268	17	1.2
17	adfuit	6	1	0.0888	82.4156	17	1.2
17	fortuna	7	1	0.0888	82.5044	17	1.2
17	vendit	6	1	0.0888	82.5933	17	1.2
17	producit	8	1	0.0888	82.6821	17	1.2
17	sperans	7	1	0.0888	82.7709	17	1.2
17	pretium	7	1	0.0888	82.8597	17	1.2
17	scire	5	1	0.0888	82.9485	17	1.2
17	fidibu	6	1	0.0888	83.0373	17	1.2
17	honesta	7	1	0.0888	83.1261	17	1.2
17	videt	5	1	0.0888	83.2149	17	1.2
17	forma	5	1	0.0888	83.3037	17	1.2
17	avidior	7	1	0.0888	83.3925	17	1.2
17	remst	5	1	0.0888	83.4813	17	1.2
17	coepit	6	1	0.0888	83.5702	17	1.2
17	sunio	5	1	0.0888	83.659	17	1.2
17	sedulo	6	1	0.0888	83.7478	17	1.2
17	ibas	4	1	0.0888	83.8366	17	1.2
17	gratia	6	1	0.0888	83.9254	17	1.2
17	qua	3	1	0.0888	84.0142	17	1.2
17	age	3	1	0.0888	84.103	17	1.2
17	agi	3	1	0.0888	84.1918	17	1.2
17	sicin	5	1	0.0888	84.2806	17	1.2
17	faciundum	9	1	0.0888	84.3694	17	1.2
17	eo	2	1	0.0888	84.4583	17	1.2
17	diligam	7	1	0.0888	84.5471	17	1.2
17	amem	4	1	0.0888	84.6359	17	1.2
17	anime	5	1	0.0888	84.7247	17	1.2
17	crucia	6	1	0.0888	84.8135	17	1.2
17	face	4	1	0.0888	84.9023	17	1.2
17	recta	5	1	0.0888	84.9911	17	1.2
17	iussi	5	1	0.0888	85.0799	17	1.2
17	stabas	6	1	0.0888	85.1687	17	1.2
17	eras	4	1	0.0888	85.2575	17	1.2
17	tun	3	1	0.0888	85.3464	17	1.2
17	loquitur	8	1	0.0888	85.4352	17	1.2
17	missu	5	1	0.0888	85.524	17	1.2
17	heri	4	1	0.0888	85.6128	17	1.2
17	acceperit	9	1	0.0888	85.7016	17	1.2
17	aliorsum	8	1	0.0888	85.7904	17	1.2
17	neve	4	1	0.0888	85.8792	17	1.2
17	tulerit	7	1	0.0888	85.968	17	1.2
17	graviu	6	1	0.0888	86.0568	17	1.2
17	illud	5	1	0.0888	86.1456	17	1.2
17	vereor	6	1	0.0888	86.2345	17	1.2
17	accersi	7	1	0.0888	86.3233	17	1.2
17	ausculta	8	1	0.0888	86.4121	17	1.2
17	audisse	7	1	0.0888	86.5009	17	1.2
17	dicebat	7	1	0.0888	86.5897	17	1.2
17	emerat	6	1	0.0888	86.6785	17	1.2
17	unde	4	1	0.0888	86.7673	17	1.2
17	praedonibus	11	1	0.0888	86.8561	17	1.2
17	addebat	7	1	0.0888	86.9449	17	1.2
17	potis	5	1	0.0888	87.0337	17	1.2
17	etiam	5	1	0.0888	87.1226	17	1.2
17	aetatem	7	1	0.0888	87.2114	17	1.2
17	per	3	1	0.0888	87.3002	17	1.2
17	scibat	6	1	0.0888	87.389	17	1.2
17	cetera	6	1	0.0888	87.4778	17	1.2
17	patriam	7	1	0.0888	87.5666	17	1.2
17	ipsa	4	1	0.0888	87.6554	17	1.2
17	patris	6	1	0.0888	87.7442	17	1.2
17	potin	5	1	0.0888	87.833	17	1.2
17	nomen	5	1	0.0888	87.9218	17	1.2
17	scimu	5	1	0.0888	88.0107	17	1.2
17	certum	6	1	0.0888	88.0995	17	1.2
17	attica	6	1	0.0888	88.1883	17	1.2
17	dedit	5	1	0.0888	88.2771	17	1.2
17	quidam	6	1	0.0888	88.3659	17	1.2
17	puellam	7	1	0.0888	88.4547	17	1.2
17	ibi	3	1	0.0888	88.5435	17	1.2
17	rhodi	5	1	0.0888	88.6323	17	1.2
17	habitabat	9	1	0.0888	88.7211	17	1.2
17	ea	2	1	0.0888	88.8099	17	1.2
17	samia	5	1	0.0888	88.8988	17	1.2
17	tacere	6	1	0.0888	88.9876	17	1.2
17	det	3	1	0.0888	89.0764	17	1.2
17	ait	3	1	0.0888	89.1652	17	1.2
17	dicere	6	1	0.0888	89.254	17	1.2
17	fratrem	7	1	0.0888	89.3428	17	1.2
17	vocem	5	1	0.0888	89.4316	17	1.2
17	audire	6	1	0.0888	89.5204	17	1.2
17	exspectabo	10	1	0.0888	89.6092	17	1.2
17	concedam	8	1	0.0888	89.698	17	1.2
17	domum	5	1	0.0888	89.7869	17	1.2
17	constituit	10	1	0.0888	89.8757	17	1.2
17	venturum	8	1	0.0888	89.9645	17	1.2
17	nobilem	7	1	0.0888	90.0533	17	1.2
17	adulescentem	12	1	0.0888	90.1421	17	1.2
17	repperisse	10	1	0.0888	90.2309	17	1.2
17	propemodum	10	1	0.0888	90.3197	17	1.2
17	spero	5	1	0.0888	90.4085	17	1.2
17	causa	5	1	0.0888	90.4973	17	1.2
17	militis	7	1	0.0888	90.5861	17	1.2
17	huiu	4	1	0.0888	90.675	17	1.2
17	cariorem	8	1	0.0888	90.7638	17	1.2
17	cordi	5	1	0.0888	90.8526	17	1.2
17	falsi	5	1	0.0888	90.9414	17	1.2
17	finxisse	8	1	0.0888	91.0302	17	1.2
17	certo	5	1	0.0888	91.119	17	1.2
17	conscia	7	1	0.0888	91.2078	17	1.2
17	iudicet	7	1	0.0888	91.2966	17	1.2
17	ingeniis	8	1	0.0888	91.3854	17	1.2
17	forsitan	8	1	0.0888	91.4742	17	1.2
17	numquid	7	1	0.0888	91.5631	17	1.2
17	facis	5	1	0.0888	91.6519	17	1.2
17	visa	4	1	0.0888	91.7407	17	1.2
17	eccum	5	1	0.0888	91.8295	17	1.2
17	exorem	6	1	0.0888	91.9183	17	1.2
17	poste	5	1	0.0888	92.0071	17	1.2
17	volui	5	1	0.0888	92.0959	17	1.2
17	adducito	8	1	0.0888	92.1847	17	1.2
17	poterit	7	1	0.0888	92.2735	17	1.2
17	redeat	6	1	0.0888	92.3623	17	1.2
17	commodumst	10	1	0.0888	92.4512	17	1.2
17	maneat	6	1	0.0888	92.54	17	1.2
17	ores	4	1	0.0888	92.6288	17	1.2
17	advenerit	9	1	0.0888	92.7176	17	1.2
17	chremes	7	1	0.0888	92.8064	17	1.2
17	cures	5	1	0.0888	92.8952	17	1.2
17	exeo	4	1	0.0888	92.984	17	1.2
17	continuo	8	1	0.0888	93.0728	17	1.2
17	imperabo	8	1	0.0888	93.1616	17	1.2
17	thraso	6	1	0.0888	93.2504	17	1.2
17	simul	5	1	0.0888	93.3393	17	1.2
17	ducam	5	1	0.0888	93.4281	17	1.2
17	prius	5	1	0.0888	93.5169	17	1.2
17	hos	3	1	0.0888	93.6057	17	1.2
17	honestust	9	1	0.0888	93.6945	17	1.2
17	ament	5	1	0.0888	93.7833	17	1.2
17	di	2	1	0.0888	93.8721	17	1.2
17	vides	5	1	0.0888	93.9609	17	1.2
17	hunc	4	1	0.0888	94.0497	17	1.2
17	itura	5	1	0.0888	94.1385	17	1.2
17	moror	5	1	0.0888	94.2274	17	1.2
17	tuo	3	1	0.0888	94.3162	17	1.2
17	plurimum	8	1	0.0888	94.405	17	1.2
17	amo	3	1	0.0888	94.4938	17	1.2
17	fiet	4	1	0.0888	94.5826	17	1.2
17	iri	3	1	0.0888	94.6714	17	1.2
17	sunt	4	1	0.0888	94.7602	17	1.2
17	parere	6	1	0.0888	94.849	17	1.2
17	aliquos	7	1	0.0888	94.9378	17	1.2
17	cognatum	8	1	0.0888	95.0266	17	1.2
17	amicum	6	1	0.0888	95.1155	17	1.2
17	neminem	7	1	0.0888	95.2043	17	1.2
17	sola	4	1	0.0888	95.2931	17	1.2
17	reddam	6	1	0.0888	95.3819	17	1.2
17	restituam	9	1	0.0888	95.4707	17	1.2
17	praeterea	9	1	0.0888	95.5595	17	1.2
17	dicta	5	1	0.0888	95.6483	17	1.2
17	soror	5	1	0.0888	95.7371	17	1.2
17	causae	6	1	0.0888	95.8259	17	1.2
17	multae	6	1	0.0888	95.9147	17	1.2
17	beneficio	9	1	0.0888	96.0036	17	1.2
17	quaesivi	8	1	0.0888	96.0924	17	1.2
17	adiecit	7	1	0.0888	96.1812	17	1.2
17	animum	6	1	0.0888	96.27	17	1.2
17	suspicor	8	1	0.0888	96.3588	17	1.2
17	quantum	7	1	0.0888	96.4476	17	1.2
17	vereri	6	1	0.0888	96.5364	17	1.2
17	dare	4	1	0.0888	96.6252	17	1.2
17	velle	5	1	0.0888	96.714	17	1.2
17	relinquam	9	1	0.0888	96.8028	17	1.2
17	sese	4	1	0.0888	96.8917	17	1.2
17	acceperim	9	1	0.0888	96.9805	17	1.2
17	metuat	6	1	0.0888	97.0693	17	1.2
17	praepositum	11	1	0.0888	97.1581	17	1.2
17	amicos	6	1	0.0888	97.2469	17	1.2
17	adiuta	6	1	0.0888	97.3357	17	1.2
17	profecto	8	1	0.0888	97.4245	17	1.2
17	inimicum	8	1	0.0888	97.5133	17	1.2
17	solum	5	1	0.0888	97.6021	17	1.2
17	concedas	8	1	0.0888	97.6909	17	1.2
17	saltem	6	1	0.0888	97.7798	17	1.2
17	nequeo	6	1	0.0888	97.8686	17	1.2
17	impetrare	9	1	0.0888	97.9574	17	1.2
17	perfeceris	10	1	0.0888	98.0462	17	1.2
17	quin	4	1	0.0888	98.135	17	1.2
17	voluisti	8	1	0.0888	98.2238	17	1.2
17	ioco	4	1	0.0888	98.3126	17	1.2
17	dico	4	1	0.0888	98.4014	17	1.2
17	iusseris	8	1	0.0888	98.4902	17	1.2
17	faciam	6	1	0.0888	98.579	17	1.2
17	potius	6	1	0.0888	98.6679	17	1.2
17	fiat	4	1	0.0888	98.7567	17	1.2
17	posse	5	1	0.0888	98.8455	17	1.2
17	fieri	5	1	0.0888	98.9343	17	1.2
17	re	2	1	0.0888	99.0231	17	1.2
17	quamquam	8	1	0.0888	99.1119	17	1.2
17	timeo	5	1	0.0888	99.2007	17	1.2
17	egon	4	1	0.0888	99.2895	17	1.2
17	respondes	9	1	0.0888	99.3783	17	1.2
17	dies	4	1	0.0888	99.4671	17	1.2
17	aliquot	7	1	0.0888	99.556	17	1.2
17	hosce	5	1	0.0888	99.6448	17	1.2
17	partis	6	1	0.0888	99.7336	17	1.2
17	priores	7	1	0.0888	99.8224	17	1.2
17	facilius	8	1	0.0888	99.9112	17	1.2
17	ducas	5	1	0.0888	100	17	1.2
