rank	word	wordlength	count	frequency(count*100/2144)	sum frequency	zipf(rank*count)	zipf(max/rank)
1	non	3	30	1.3993	1.3993	30	30
2	est	3	29	1.3526	2.7519	58	15
2	quid	4	29	1.3526	4.1045	58	15
3	ut	2	27	1.2593	5.3638	81	10
4	quod	4	26	1.2127	6.5765	104	7.5
5	et	2	25	1.166	7.7425	125	6
6	si	2	23	1.0728	8.8153	138	5
7	esse	4	22	1.0261	9.8414	154	4.3
7	in	2	22	1.0261	10.8675	154	4.3
8	nunc	4	20	0.9328	11.8004	160	3.8
8	tibi	4	20	0.9328	12.7332	160	3.8
9	te	2	19	0.8862	13.6194	171	3.3
10	id	2	18	0.8396	14.459	180	3
10	ad	2	18	0.8396	15.2985	180	3
10	ego	3	18	0.8396	16.1381	180	3
11	haec	4	16	0.7463	16.8843	176	2.7
12	tu	2	15	0.6996	17.584	180	2.5
12	me	2	15	0.6996	18.2836	180	2.5
13	quam	4	14	0.653	18.9366	182	2.3
14	iam	3	13	0.6063	19.5429	182	2.1
14	sed	3	13	0.6063	20.1493	182	2.1
15	mihi	4	12	0.5597	20.709	180	2
15	hic	3	12	0.5597	21.2687	180	2
15	hoc	3	12	0.5597	21.8284	180	2
16	nam	3	11	0.5131	22.3414	176	1.9
16	argentum	8	11	0.5131	22.8545	176	1.9
17	quo	3	10	0.4664	23.3209	170	1.8
17	hanc	4	10	0.4664	23.7873	170	1.8
17	quae	4	10	0.4664	24.2537	170	1.8
18	at	2	9	0.4198	24.6735	162	1.7
18	immo	4	9	0.4198	25.0933	162	1.7
18	ea	2	9	0.4198	25.5131	162	1.7
18	dum	3	9	0.4198	25.9328	162	1.7
18	res	3	9	0.4198	26.3526	162	1.7
19	de	2	8	0.3731	26.7257	152	1.6
19	qui	3	8	0.3731	27.0989	152	1.6
19	ne	2	8	0.3731	27.472	152	1.6
19	ita	3	8	0.3731	27.8451	152	1.6
19	nil	3	8	0.3731	28.2183	152	1.6
19	tua	3	8	0.3731	28.5914	152	1.6
19	hercle	6	8	0.3731	28.9646	152	1.6
20	istuc	5	7	0.3265	29.291	140	1.5
20	sit	3	7	0.3265	29.6175	140	1.5
20	senex	5	7	0.3265	29.944	140	1.5
20	verum	5	7	0.3265	30.2705	140	1.5
21	ex	2	6	0.2799	30.5504	126	1.4
21	huic	4	6	0.2799	30.8302	126	1.4
21	clinia	6	6	0.2799	31.1101	126	1.4
21	chreme	6	6	0.2799	31.3899	126	1.4
21	es	2	6	0.2799	31.6698	126	1.4
21	amicam	6	6	0.2799	31.9496	126	1.4
21	aut	3	6	0.2799	32.2295	126	1.4
21	vis	3	6	0.2799	32.5093	126	1.4
21	illi	4	6	0.2799	32.7892	126	1.4
21	sic	3	6	0.2799	33.069	126	1.4
22	sibi	4	5	0.2332	33.3022	110	1.4
22	sunt	4	5	0.2332	33.5354	110	1.4
22	quantum	7	5	0.2332	33.7687	110	1.4
22	quasi	5	5	0.2332	34.0019	110	1.4
22	dicam	5	5	0.2332	34.2351	110	1.4
22	tamen	5	5	0.2332	34.4683	110	1.4
22	a	1	5	0.2332	34.7015	110	1.4
22	factum	6	5	0.2332	34.9347	110	1.4
22	nisi	4	5	0.2332	35.1679	110	1.4
22	mi	2	5	0.2332	35.4011	110	1.4
22	clitipho	8	5	0.2332	35.6343	110	1.4
22	tuam	4	5	0.2332	35.8675	110	1.4
22	ubi	3	5	0.2332	36.1007	110	1.4
22	rem	3	5	0.2332	36.334	110	1.4
22	mane	4	5	0.2332	36.5672	110	1.4
22	hac	3	5	0.2332	36.8004	110	1.4
22	eius	4	5	0.2332	37.0336	110	1.4
23	sis	3	4	0.1866	37.2201	92	1.3
23	sine	4	4	0.1866	37.4067	92	1.3
23	opinor	6	4	0.1866	37.5933	92	1.3
23	recte	5	4	0.1866	37.7799	92	1.3
23	equidem	7	4	0.1866	37.9664	92	1.3
23	hunc	4	4	0.1866	38.153	92	1.3
23	neque	5	4	0.1866	38.3396	92	1.3
23	uti	3	4	0.1866	38.5261	92	1.3
23	perii	5	4	0.1866	38.7127	92	1.3
23	dico	4	4	0.1866	38.8993	92	1.3
23	sane	4	4	0.1866	39.0858	92	1.3
23	ei	2	4	0.1866	39.2724	92	1.3
23	tam	3	4	0.1866	39.459	92	1.3
23	primum	6	4	0.1866	39.6455	92	1.3
23	vero	4	4	0.1866	39.8321	92	1.3
23	vah	3	4	0.1866	40.0187	92	1.3
23	illam	5	4	0.1866	40.2052	92	1.3
23	re	2	4	0.1866	40.3918	92	1.3
23	nos	3	4	0.1866	40.5784	92	1.3
23	aliud	5	4	0.1866	40.7649	92	1.3
23	quin	4	4	0.1866	40.9515	92	1.3
23	eum	3	4	0.1866	41.1381	92	1.3
23	heus	4	4	0.1866	41.3246	92	1.3
23	illis	5	4	0.1866	41.5112	92	1.3
23	dromo	5	4	0.1866	41.6978	92	1.3
23	abi	3	4	0.1866	41.8843	92	1.3
23	patrem	6	4	0.1866	42.0709	92	1.3
23	nobis	5	4	0.1866	42.2575	92	1.3
23	tuom	4	4	0.1866	42.444	92	1.3
23	apud	4	4	0.1866	42.6306	92	1.3
23	quoque	6	4	0.1866	42.8172	92	1.3
23	vide	4	4	0.1866	43.0037	92	1.3
23	ac	2	4	0.1866	43.1903	92	1.3
23	uxorem	6	4	0.1866	43.3769	92	1.3
23	quom	4	4	0.1866	43.5634	92	1.3
23	ipsa	4	4	0.1866	43.75	92	1.3
23	haud	4	4	0.1866	43.9366	92	1.3
24	hem	3	3	0.1399	44.0765	72	1.3
24	ipsum	5	3	0.1399	44.2164	72	1.3
24	illa	4	3	0.1399	44.3563	72	1.3
24	bacchidem	9	3	0.1399	44.4963	72	1.3
24	fieri	5	3	0.1399	44.6362	72	1.3
24	tum	3	3	0.1399	44.7761	72	1.3
24	causa	5	3	0.1399	44.916	72	1.3
24	homini	6	3	0.1399	45.056	72	1.3
24	verba	5	3	0.1399	45.1959	72	1.3
24	eam	3	3	0.1399	45.3358	72	1.3
24	siquid	6	3	0.1399	45.4757	72	1.3
24	istic	5	3	0.1399	45.6157	72	1.3
24	modo	4	3	0.1399	45.7556	72	1.3
24	una	3	3	0.1399	45.8955	72	1.3
24	quia	4	3	0.1399	46.0354	72	1.3
24	credo	5	3	0.1399	46.1754	72	1.3
24	dudum	5	3	0.1399	46.3153	72	1.3
24	hinc	4	3	0.1399	46.4552	72	1.3
24	nequid	6	3	0.1399	46.5951	72	1.3
24	habeo	5	3	0.1399	46.7351	72	1.3
24	ob	2	3	0.1399	46.875	72	1.3
24	maxume	6	3	0.1399	47.0149	72	1.3
24	num	3	3	0.1399	47.1549	72	1.3
24	porro	5	3	0.1399	47.2948	72	1.3
24	velle	5	3	0.1399	47.4347	72	1.3
24	miror	5	3	0.1399	47.5746	72	1.3
24	erit	4	3	0.1399	47.7146	72	1.3
24	fuit	4	3	0.1399	47.8545	72	1.3
24	idem	4	3	0.1399	47.9944	72	1.3
24	eo	2	3	0.1399	48.1343	72	1.3
24	illum	5	3	0.1399	48.2743	72	1.3
24	atque	5	3	0.1399	48.4142	72	1.3
24	foras	5	3	0.1399	48.5541	72	1.3
24	video	5	3	0.1399	48.694	72	1.3
24	illuc	5	3	0.1399	48.834	72	1.3
24	nostro	6	3	0.1399	48.9739	72	1.3
24	iube	4	3	0.1399	49.1138	72	1.3
24	forte	5	3	0.1399	49.2537	72	1.3
24	scio	4	3	0.1399	49.3937	72	1.3
24	licet	5	3	0.1399	49.5336	72	1.3
24	atqui	5	3	0.1399	49.6735	72	1.3
24	scias	5	3	0.1399	49.8134	72	1.3
24	filiam	6	3	0.1399	49.9534	72	1.3
24	argento	7	3	0.1399	50.0933	72	1.3
24	secum	5	3	0.1399	50.2332	72	1.3
24	rerum	5	3	0.1399	50.3731	72	1.3
24	huc	3	3	0.1399	50.5131	72	1.3
24	menedemum	9	3	0.1399	50.653	72	1.3
24	clitiphonis	11	3	0.1399	50.7929	72	1.3
24	eadem	5	3	0.1399	50.9328	72	1.3
24	anu	3	3	0.1399	51.0728	72	1.3
24	vera	4	3	0.1399	51.2127	72	1.3
24	continuo	8	3	0.1399	51.3526	72	1.3
24	quidem	6	3	0.1399	51.4925	72	1.3
25	magis	5	2	0.0933	51.5858	50	1.2
25	optume	6	2	0.0933	51.6791	50	1.2
25	da	2	2	0.0933	51.7724	50	1.2
25	amica	5	2	0.0933	51.8657	50	1.2
25	habet	5	2	0.0933	51.959	50	1.2
25	lubet	5	2	0.0933	52.0522	50	1.2
25	iamdudum	8	2	0.0933	52.1455	50	1.2
25	pollicitus	10	2	0.0933	52.2388	50	1.2
25	vos	3	2	0.0933	52.3321	50	1.2
25	via	3	2	0.0933	52.4254	50	1.2
25	loquitur	8	2	0.0933	52.5187	50	1.2
25	istanc	6	2	0.0933	52.6119	50	1.2
25	dabit	5	2	0.0933	52.7052	50	1.2
25	is	2	2	0.0933	52.7985	50	1.2
25	scies	5	2	0.0933	52.8918	50	1.2
25	iniuria	7	2	0.0933	52.9851	50	1.2
25	quidni	6	2	0.0933	53.0784	50	1.2
25	dixi	4	2	0.0933	53.1716	50	1.2
25	acta	4	2	0.0933	53.2649	50	1.2
25	fallacia	8	2	0.0933	53.3582	50	1.2
25	aliquid	7	2	0.0933	53.4515	50	1.2
25	ere	3	2	0.0933	53.5448	50	1.2
25	palam	5	2	0.0933	53.6381	50	1.2
25	nescioquid	10	2	0.0933	53.7313	50	1.2
25	amare	5	2	0.0933	53.8246	50	1.2
25	visa	4	2	0.0933	53.9179	50	1.2
25	egon	4	2	0.0933	54.0112	50	1.2
25	siquidem	8	2	0.0933	54.1045	50	1.2
25	cliniam	7	2	0.0933	54.1978	50	1.2
25	volo	4	2	0.0933	54.291	50	1.2
25	potest	6	2	0.0933	54.3843	50	1.2
25	cum	3	2	0.0933	54.4776	50	1.2
25	gnati	5	2	0.0933	54.5709	50	1.2
25	exit	4	2	0.0933	54.6642	50	1.2
25	illo	4	2	0.0933	54.7575	50	1.2
25	omnes	5	2	0.0933	54.8507	50	1.2
25	bona	4	2	0.0933	54.944	50	1.2
25	tutum	5	2	0.0933	55.0373	50	1.2
25	multum	6	2	0.0933	55.1306	50	1.2
25	mille	5	2	0.0933	55.2239	50	1.2
25	aberit	6	2	0.0933	55.3172	50	1.2
25	egreditur	9	2	0.0933	55.4104	50	1.2
25	etiam	5	2	0.0933	55.5037	50	1.2
25	fiat	4	2	0.0933	55.597	50	1.2
25	scis	4	2	0.0933	55.6903	50	1.2
25	ibi	3	2	0.0933	55.7836	50	1.2
25	adhuc	5	2	0.0933	55.8769	50	1.2
25	possum	6	2	0.0933	55.9701	50	1.2
25	mentem	6	2	0.0933	56.0634	50	1.2
25	scite	5	2	0.0933	56.1567	50	1.2
25	sese	4	2	0.0933	56.25	50	1.2
25	narret	6	2	0.0933	56.3433	50	1.2
25	quendam	7	2	0.0933	56.4366	50	1.2
25	ille	4	2	0.0933	56.5299	50	1.2
25	an	2	2	0.0933	56.6231	50	1.2
25	facito	6	2	0.0933	56.7164	50	1.2
25	animum	6	2	0.0933	56.8097	50	1.2
25	inopia	6	2	0.0933	56.903	50	1.2
25	esset	5	2	0.0933	56.9963	50	1.2
25	inquam	6	2	0.0933	57.0896	50	1.2
25	quaeso	6	2	0.0933	57.1828	50	1.2
25	autem	5	2	0.0933	57.2761	50	1.2
25	sequere	7	2	0.0933	57.3694	50	1.2
25	male	4	2	0.0933	57.4627	50	1.2
25	cito	4	2	0.0933	57.556	50	1.2
25	tempore	7	2	0.0933	57.6493	50	1.2
25	sapias	6	2	0.0933	57.7425	50	1.2
25	usque	5	2	0.0933	57.8358	50	1.2
25	dabitur	7	2	0.0933	57.9291	50	1.2
25	metui	5	2	0.0933	58.0224	50	1.2
25	ibo	3	2	0.0933	58.1157	50	1.2
25	amici	5	2	0.0933	58.209	50	1.2
25	conlocetur	10	2	0.0933	58.3022	50	1.2
25	magnifice	9	2	0.0933	58.3955	50	1.2
25	age	3	2	0.0933	58.4888	50	1.2
25	ambos	5	2	0.0933	58.5821	50	1.2
25	hodie	5	2	0.0933	58.6754	50	1.2
25	tui	3	2	0.0933	58.7687	50	1.2
25	dic	3	2	0.0933	58.8619	50	1.2
25	huiu	4	2	0.0933	58.9552	50	1.2
25	tantum	6	2	0.0933	59.0485	50	1.2
25	quicquam	8	2	0.0933	59.1418	50	1.2
25	scin	4	2	0.0933	59.2351	50	1.2
25	mea	3	2	0.0933	59.3284	50	1.2
25	evenerit	8	2	0.0933	59.4216	50	1.2
25	ipse	4	2	0.0933	59.5149	50	1.2
25	sodes	5	2	0.0933	59.6082	50	1.2
25	tuto	4	2	0.0933	59.7015	50	1.2
25	simile	6	2	0.0933	59.7948	50	1.2
25	meretrix	8	2	0.0933	59.8881	50	1.2
25	omnem	5	2	0.0933	59.9813	50	1.2
25	fit	3	2	0.0933	60.0746	50	1.2
25	facinu	6	2	0.0933	60.1679	50	1.2
25	nec	3	2	0.0933	60.2612	50	1.2
25	aurum	5	2	0.0933	60.3545	50	1.2
25	vestem	6	2	0.0933	60.4478	50	1.2
25	magnum	6	2	0.0933	60.541	50	1.2
25	accipis	7	2	0.0933	60.6343	50	1.2
25	stas	4	2	0.0933	60.7276	50	1.2
25	animu	5	2	0.0933	60.8209	50	1.2
25	periclo	7	2	0.0933	60.9142	50	1.2
25	obviam	6	2	0.0933	61.0075	50	1.2
25	scilicet	8	2	0.0933	61.1007	50	1.2
25	sum	3	2	0.0933	61.194	50	1.2
25	coepi	5	2	0.0933	61.2873	50	1.2
25	anus	4	2	0.0933	61.3806	50	1.2
25	tuo	3	2	0.0933	61.4739	50	1.2
25	pax	3	2	0.0933	61.5672	50	1.2
25	huius	5	2	0.0933	61.6604	50	1.2
25	post	4	2	0.0933	61.7537	50	1.2
25	di	2	2	0.0933	61.847	50	1.2
25	mulier	6	2	0.0933	61.9403	50	1.2
25	suam	4	2	0.0933	62.0336	50	1.2
25	erat	4	2	0.0933	62.1269	50	1.2
25	interea	7	2	0.0933	62.2201	50	1.2
25	intro	5	2	0.0933	62.3134	50	1.2
25	nulla	5	2	0.0933	62.4067	50	1.2
25	se	2	2	0.0933	62.5	50	1.2
25	pater	5	2	0.0933	62.5933	50	1.2
25	narrat	6	2	0.0933	62.6866	50	1.2
25	potuit	6	2	0.0933	62.7799	50	1.2
25	telam	5	2	0.0933	62.8731	50	1.2
25	audivi	6	2	0.0933	62.9664	50	1.2
25	enim	4	2	0.0933	63.0597	50	1.2
25	quaedam	7	2	0.0933	63.153	50	1.2
25	facile	6	2	0.0933	63.2463	50	1.2
26	nolo	4	1	0.0466	63.2929	26	1.2
26	filiis	6	1	0.0466	63.3396	26	1.2
26	celata	6	1	0.0466	63.3862	26	1.2
26	celabitur	9	1	0.0466	63.4328	26	1.2
26	mentiare	8	1	0.0466	63.4795	26	1.2
26	abduxeris	9	1	0.0466	63.5261	26	1.2
26	peccato	7	1	0.0466	63.5728	26	1.2
26	specta	6	1	0.0466	63.6194	26	1.2
26	itidem	6	1	0.0466	63.666	26	1.2
26	matres	6	1	0.0466	63.7127	26	1.2
26	aperte	6	1	0.0466	63.7593	26	1.2
26	adest	5	1	0.0466	63.806	26	1.2
26	ilico	5	1	0.0466	63.8526	26	1.2
26	suspicionem	11	1	0.0466	63.8993	26	1.2
26	vicissim	8	1	0.0466	63.9459	26	1.2
26	profer	6	1	0.0466	63.9925	26	1.2
26	videnda	7	1	0.0466	64.0392	26	1.2
26	quaere	6	1	0.0466	64.0858	26	1.2
26	quiesce	7	1	0.0466	64.1325	26	1.2
26	sicin	5	1	0.0466	64.1791	26	1.2
26	interloquere	12	1	0.0466	64.2257	26	1.2
26	fero	4	1	0.0466	64.2724	26	1.2
26	frustra	7	1	0.0466	64.319	26	1.2
26	operam	6	1	0.0466	64.3657	26	1.2
26	resciscet	9	1	0.0466	64.4123	26	1.2
26	sumo	4	1	0.0466	64.459	26	1.2
26	ages	4	1	0.0466	64.5056	26	1.2
26	videndumst	10	1	0.0466	64.5522	26	1.2
26	solent	6	1	0.0466	64.5989	26	1.2
26	paterna	7	1	0.0466	64.6455	26	1.2
26	narrato	7	1	0.0466	64.6922	26	1.2
26	auxilio	7	1	0.0466	64.7388	26	1.2
26	adiutrices	10	1	0.0466	64.7854	26	1.2
26	abis	4	1	0.0466	64.8321	26	1.2
26	relinquis	9	1	0.0466	64.8787	26	1.2
26	putas	5	1	0.0466	64.9254	26	1.2
26	vim	3	1	0.0466	64.972	26	1.2
26	iubeo	5	1	0.0466	65.0187	26	1.2
26	adsimularier	12	1	0.0466	65.0653	26	1.2
26	istam	5	1	0.0466	65.1119	26	1.2
26	credat	6	1	0.0466	65.1586	26	1.2
26	malum	5	1	0.0466	65.2052	26	1.2
26	indulgebant	11	1	0.0466	65.2519	26	1.2
26	aetatem	7	1	0.0466	65.2985	26	1.2
26	propior	7	1	0.0466	65.3451	26	1.2
26	censes	6	1	0.0466	65.3918	26	1.2
26	delectatio	10	1	0.0466	65.4384	26	1.2
26	unus	4	1	0.0466	65.4851	26	1.2
26	dabant	6	1	0.0466	65.5317	26	1.2
26	dies	4	1	0.0466	65.5784	26	1.2
26	alia	4	1	0.0466	65.625	26	1.2
26	solu	4	1	0.0466	65.6716	26	1.2
26	eripio	6	1	0.0466	65.7183	26	1.2
26	amplius	7	1	0.0466	65.7649	26	1.2
26	redeo	5	1	0.0466	65.8116	26	1.2
26	illos	5	1	0.0466	65.8582	26	1.2
26	aiunt	5	1	0.0466	65.9049	26	1.2
26	voster	6	1	0.0466	65.9515	26	1.2
26	fallam	6	1	0.0466	65.9981	26	1.2
26	iratum	6	1	0.0466	66.0448	26	1.2
26	nulli	5	1	0.0466	66.0914	26	1.2
26	recta	5	1	0.0466	66.1381	26	1.2
26	peccatum	8	1	0.0466	66.1847	26	1.2
26	expellerent	11	1	0.0466	66.2313	26	1.2
26	ordine	6	1	0.0466	66.278	26	1.2
26	consilio	8	1	0.0466	66.3246	26	1.2
26	palmam	6	1	0.0466	66.3713	26	1.2
26	do	2	1	0.0466	66.4179	26	1.2
26	ecfero	6	1	0.0466	66.4646	26	1.2
26	tantam	6	1	0.0466	66.5112	26	1.2
26	filia	5	1	0.0466	66.5578	26	1.2
26	potestatem	10	1	0.0466	66.6045	26	1.2
26	habeam	6	1	0.0466	66.6511	26	1.2
26	tantae	6	1	0.0466	66.6978	26	1.2
26	astutiae	8	1	0.0466	66.7444	26	1.2
26	inventast	9	1	0.0466	66.791	26	1.2
26	inventa	7	1	0.0466	66.8377	26	1.2
26	dicendo	7	1	0.0466	66.8843	26	1.2
26	eos	3	1	0.0466	66.931	26	1.2
26	postquamst	10	1	0.0466	66.9776	26	1.2
26	misericordiam	13	1	0.0466	67.0243	26	1.2
26	audio	5	1	0.0466	67.0709	26	1.2
26	adfuerim	8	1	0.0466	67.1175	26	1.2
26	angustum	8	1	0.0466	67.1642	26	1.2
26	ipsast	6	1	0.0466	67.2108	26	1.2
26	mirum	5	1	0.0466	67.2575	26	1.2
26	gratiae	7	1	0.0466	67.3041	26	1.2
26	ni	2	1	0.0466	67.3507	26	1.2
26	salvast	7	1	0.0466	67.3974	26	1.2
26	fallit	6	1	0.0466	67.444	26	1.2
26	syro	4	1	0.0466	67.4907	26	1.2
26	ducat	5	1	0.0466	67.5373	26	1.2
26	infortunium	11	1	0.0466	67.584	26	1.2
26	oppido	6	1	0.0466	67.6306	26	1.2
26	nostrast	8	1	0.0466	67.6772	26	1.2
26	anne	4	1	0.0466	67.7239	26	1.2
26	meae	4	1	0.0466	67.7705	26	1.2
26	coguntur	8	1	0.0466	67.8172	26	1.2
26	copiae	6	1	0.0466	67.8638	26	1.2
26	resciscat	9	1	0.0466	67.9104	26	1.2
26	sperem	6	1	0.0466	67.9571	26	1.2
26	posse	5	1	0.0466	68.0037	26	1.2
26	postulem	8	1	0.0466	68.0504	26	1.2
26	fallere	7	1	0.0466	68.097	26	1.2
26	itast	5	1	0.0466	68.1437	26	1.2
26	fugio	5	1	0.0466	68.1903	26	1.2
26	suas	4	1	0.0466	68.2369	26	1.2
26	precatorem	10	1	0.0466	68.2836	26	1.2
26	velit	5	1	0.0466	68.3302	26	1.2
26	tristis	7	1	0.0466	68.3769	26	1.2
26	temerest	8	1	0.0466	68.4235	26	1.2
26	timeo	5	1	0.0466	68.4701	26	1.2
26	peccati	7	1	0.0466	68.5168	26	1.2
26	portat	6	1	0.0466	68.5634	26	1.2
26	seni	4	1	0.0466	68.6101	26	1.2
26	paro	4	1	0.0466	68.6567	26	1.2
26	purgatio	8	1	0.0466	68.7034	26	1.2
26	domina	6	1	0.0466	68.75	26	1.2
26	factumst	8	1	0.0466	68.7966	26	1.2
26	eru	3	1	0.0466	68.8433	26	1.2
26	damno	5	1	0.0466	68.8899	26	1.2
26	auctus	6	1	0.0466	68.9366	26	1.2
26	interii	7	1	0.0466	68.9832	26	1.2
26	plus	4	1	0.0466	69.0299	26	1.2
26	spei	4	1	0.0466	69.0765	26	1.2
26	pergam	6	1	0.0466	69.1231	26	1.2
26	iusse	5	1	0.0466	69.1698	26	1.2
26	adripi	6	1	0.0466	69.2164	26	1.2
26	triumpho	8	1	0.0466	69.2631	26	1.2
26	conficiet	9	1	0.0466	69.3097	26	1.2
26	adduces	7	1	0.0466	69.3563	26	1.2
26	cognitast	9	1	0.0466	69.403	26	1.2
26	spe	3	1	0.0466	69.4496	26	1.2
26	egero	5	1	0.0466	69.4963	26	1.2
26	minima	6	1	0.0466	69.5429	26	1.2
26	euge	4	1	0.0466	69.5896	26	1.2
26	optumam	7	1	0.0466	69.6362	26	1.2
26	retraham	8	1	0.0466	69.6828	26	1.2
26	adulescens	10	1	0.0466	69.7295	26	1.2
26	fugitivom	9	1	0.0466	69.7761	26	1.2
26	fefellit	8	1	0.0466	69.8228	26	1.2
26	quamque	7	1	0.0466	69.8694	26	1.2
26	nilst	5	1	0.0466	69.916	26	1.2
26	suspicio	8	1	0.0466	69.9627	26	1.2
26	ruat	4	1	0.0466	70.0093	26	1.2
26	sententia	9	1	0.0466	70.056	26	1.2
26	obtigisse	9	1	0.0466	70.1026	26	1.2
26	laetor	6	1	0.0466	70.1493	26	1.2
26	venit	5	1	0.0466	70.1959	26	1.2
26	sat	3	1	0.0466	70.2425	26	1.2
26	quoiu	5	1	0.0466	70.2892	26	1.2
26	scibi	5	1	0.0466	70.3358	26	1.2
26	tantundem	9	1	0.0466	70.3825	26	1.2
26	situs	5	1	0.0466	70.4291	26	1.2
26	leges	5	1	0.0466	70.4757	26	1.2
26	faucibus	8	1	0.0466	70.5224	26	1.2
26	latere	6	1	0.0466	70.569	26	1.2
26	tecto	5	1	0.0466	70.6157	26	1.2
26	abscedere	9	1	0.0466	70.6623	26	1.2
26	crucior	7	1	0.0466	70.709	26	1.2
26	bolum	5	1	0.0466	70.7556	26	1.2
26	ereptum	7	1	0.0466	70.8022	26	1.2
26	pacem	5	1	0.0466	70.8489	26	1.2
26	desubito	8	1	0.0466	70.8955	26	1.2
26	e	1	1	0.0466	70.9422	26	1.2
26	agam	4	1	0.0466	70.9888	26	1.2
26	facillume	9	1	0.0466	71.0354	26	1.2
26	comminiscar	11	1	0.0466	71.0821	26	1.2
26	ratio	5	1	0.0466	71.1287	26	1.2
26	integro	7	1	0.0466	71.1754	26	1.2
26	ineundast	9	1	0.0466	71.222	26	1.2
26	difficilest	11	1	0.0466	71.2687	26	1.2
26	quaerendo	9	1	0.0466	71.3153	26	1.2
26	investigari	11	1	0.0466	71.3619	26	1.2
26	patri	5	1	0.0466	71.4086	26	1.2
26	possiet	7	1	0.0466	71.4552	26	1.2
26	incipiam	8	1	0.0466	71.5019	26	1.2
26	caelum	6	1	0.0466	71.5485	26	1.2
26	arbitror	8	1	0.0466	71.5951	26	1.2
26	potestas	8	1	0.0466	71.6418	26	1.2
26	aequi	5	1	0.0466	71.6884	26	1.2
26	simulares	9	1	0.0466	71.7351	26	1.2
26	credebam	8	1	0.0466	71.7817	26	1.2
26	poterat	7	1	0.0466	71.8284	26	1.2
26	loco	4	1	0.0466	71.875	26	1.2
26	tanto	5	1	0.0466	71.9216	26	1.2
26	volt	4	1	0.0466	71.9683	26	1.2
26	opere	5	1	0.0466	72.0149	26	1.2
26	iusseras	8	1	0.0466	72.0616	26	1.2
26	ceterum	7	1	0.0466	72.1082	26	1.2
26	obsecundato	11	1	0.0466	72.1549	26	1.2
26	loquitor	8	1	0.0466	72.2015	26	1.2
26	qua	3	1	0.0466	72.2481	26	1.2
26	bonique	7	1	0.0466	72.2948	26	1.2
26	facio	5	1	0.0466	72.3414	26	1.2
26	admiratu	8	1	0.0466	72.3881	26	1.2
26	cave	4	1	0.0466	72.4347	26	1.2
26	experibere	10	1	0.0466	72.4813	26	1.2
26	patre	5	1	0.0466	72.528	26	1.2
26	deferes	7	1	0.0466	72.5746	26	1.2
26	quaeratur	9	1	0.0466	72.6213	26	1.2
26	imperabit	9	1	0.0466	72.6679	26	1.2
26	paucula	7	1	0.0466	72.7146	26	1.2
26	animo	5	1	0.0466	72.7612	26	1.2
26	cupere	6	1	0.0466	72.8078	26	1.2
26	vidisse	7	1	0.0466	72.8545	26	1.2
26	ocius	5	1	0.0466	72.9011	26	1.2
26	conplacitam	11	1	0.0466	72.9478	26	1.2
26	lapis	5	1	0.0466	72.9944	26	1.2
26	formam	6	1	0.0466	73.041	26	1.2
26	i	1	1	0.0466	73.0877	26	1.2
26	postquam	8	1	0.0466	73.1343	26	1.2
26	omnia	5	1	0.0466	73.181	26	1.2
26	aspexerit	9	1	0.0466	73.2276	26	1.2
26	iubebit	7	1	0.0466	73.2743	26	1.2
26	dares	5	1	0.0466	73.3209	26	1.2
26	pleraque	8	1	0.0466	73.3675	26	1.2
26	inque	5	1	0.0466	73.4142	26	1.2
26	posci	5	1	0.0466	73.4608	26	1.2
26	tardus	6	1	0.0466	73.5075	26	1.2
26	nuptias	7	1	0.0466	73.5541	26	1.2
26	eccum	5	1	0.0466	73.6007	26	1.2
26	tenesne	7	1	0.0466	73.6474	26	1.2
26	dicebam	7	1	0.0466	73.694	26	1.2
26	perpetuom	9	1	0.0466	73.7407	26	1.2
26	illud	5	1	0.0466	73.7873	26	1.2
26	ista	4	1	0.0466	73.834	26	1.2
26	dicit	5	1	0.0466	73.8806	26	1.2
26	amori	5	1	0.0466	73.9272	26	1.2
26	parte	5	1	0.0466	73.9739	26	1.2
26	putant	6	1	0.0466	74.0205	26	1.2
26	prius	5	1	0.0466	74.0672	26	1.2
26	filium	6	1	0.0466	74.1138	26	1.2
26	potiu	5	1	0.0466	74.1604	26	1.2
26	meritu	6	1	0.0466	74.2071	26	1.2
26	suspiciost	10	1	0.0466	74.2537	26	1.2
26	translata	9	1	0.0466	74.3004	26	1.2
26	protervitas	11	1	0.0466	74.347	26	1.2
26	videbitur	9	1	0.0466	74.3937	26	1.2
26	lauta	5	1	0.0466	74.4403	26	1.2
26	perdidit	8	1	0.0466	74.4869	26	1.2
26	mage	4	1	0.0466	74.5336	26	1.2
26	veri	4	1	0.0466	74.5802	26	1.2
26	simul	5	1	0.0466	74.6269	26	1.2
26	paene	5	1	0.0466	74.6735	26	1.2
26	conficiam	9	1	0.0466	74.7201	26	1.2
26	facilius	8	1	0.0466	74.7668	26	1.2
26	dignus	6	1	0.0466	74.8134	26	1.2
26	ecfer	5	1	0.0466	74.8601	26	1.2
26	bene	4	1	0.0466	74.9067	26	1.2
26	aliis	5	1	0.0466	74.9534	26	1.2
26	bono	4	1	0.0466	75	26	1.2
26	iussi	5	1	0.0466	75.0466	26	1.2
26	debet	5	1	0.0466	75.0933	26	1.2
26	bacchis	7	1	0.0466	75.1399	26	1.2
26	bacchidi	8	1	0.0466	75.1866	26	1.2
26	iratu	5	1	0.0466	75.2332	26	1.2
26	fui	3	1	0.0466	75.2799	26	1.2
26	reddendumst	11	1	0.0466	75.3265	26	1.2
26	confugies	9	1	0.0466	75.3731	26	1.2
26	daturu	6	1	0.0466	75.4198	26	1.2
26	datumst	7	1	0.0466	75.4664	26	1.2
26	oppignerare	11	1	0.0466	75.5131	26	1.2
26	malitia	7	1	0.0466	75.5597	26	1.2
26	haberes	7	1	0.0466	75.6063	26	1.2
26	gaudeo	6	1	0.0466	75.653	26	1.2
26	meam	4	1	0.0466	75.6996	26	1.2
26	invito	6	1	0.0466	75.7463	26	1.2
26	dicunt	6	1	0.0466	75.7929	26	1.2
26	audisse	7	1	0.0466	75.8396	26	1.2
26	ius	3	1	0.0466	75.8862	26	1.2
26	summum	6	1	0.0466	75.9328	26	1.2
26	saepe	5	1	0.0466	75.9795	26	1.2
26	summast	7	1	0.0466	76.0261	26	1.2
26	eximus	6	1	0.0466	76.0728	26	1.2
26	opperibere	10	1	0.0466	76.1194	26	1.2
26	fuisti	6	1	0.0466	76.166	26	1.2
26	abiit	5	1	0.0466	76.2127	26	1.2
26	alienavit	9	1	0.0466	76.2593	26	1.2
26	maneat	6	1	0.0466	76.306	26	1.2
26	cibum	5	1	0.0466	76.3526	26	1.2
26	paratum	7	1	0.0466	76.3993	26	1.2
26	peterem	7	1	0.0466	76.4459	26	1.2
26	und	3	1	0.0466	76.4925	26	1.2
26	vellem	6	1	0.0466	76.5392	26	1.2
26	rogasse	7	1	0.0466	76.5858	26	1.2
26	transeundumst	13	1	0.0466	76.6325	26	1.2
26	pompa	5	1	0.0466	76.6791	26	1.2
26	intellego	9	1	0.0466	76.7257	26	1.2
26	transducendast	14	1	0.0466	76.7724	26	1.2
26	agi	3	1	0.0466	76.819	26	1.2
26	cudo	4	1	0.0466	76.8657	26	1.2
26	obesse	6	1	0.0466	76.9123	26	1.2
26	dem	3	1	0.0466	76.959	26	1.2
26	temere	6	1	0.0466	77.0056	26	1.2
26	minime	6	1	0.0466	77.0522	26	1.2
26	peccavi	7	1	0.0466	77.0989	26	1.2
26	reddo	5	1	0.0466	77.1455	26	1.2
26	sororem	7	1	0.0466	77.1922	26	1.2
26	liceat	6	1	0.0466	77.2388	26	1.2
26	syru	4	1	0.0466	77.2854	26	1.2
26	intellegere	11	1	0.0466	77.3321	26	1.2
26	velis	5	1	0.0466	77.3787	26	1.2
26	exsolvas	8	1	0.0466	77.4254	26	1.2
26	istis	5	1	0.0466	77.472	26	1.2
26	facias	6	1	0.0466	77.5187	26	1.2
26	diiudica	8	1	0.0466	77.5653	26	1.2
26	mentemst	8	1	0.0466	77.6119	26	1.2
26	adeo	4	1	0.0466	77.6586	26	1.2
26	horum	5	1	0.0466	77.7052	26	1.2
26	longius	7	1	0.0466	77.7519	26	1.2
26	egi	3	1	0.0466	77.7985	26	1.2
26	mittis	6	1	0.0466	77.8451	26	1.2
26	satis	5	1	0.0466	77.8918	26	1.2
26	esurituros	10	1	0.0466	77.9384	26	1.2
26	spes	4	1	0.0466	77.9851	26	1.2
26	iocari	6	1	0.0466	78.0317	26	1.2
26	credis	6	1	0.0466	78.0784	26	1.2
26	faciet	6	1	0.0466	78.125	26	1.2
26	caveo	5	1	0.0466	78.1716	26	1.2
26	inceptat	8	1	0.0466	78.2183	26	1.2
26	bacchi	6	1	0.0466	78.2649	26	1.2
26	vivere	6	1	0.0466	78.3116	26	1.2
26	amentiast	9	1	0.0466	78.3582	26	1.2
26	ancillas	8	1	0.0466	78.4049	26	1.2
26	illic	5	1	0.0466	78.4515	26	1.2
26	diutius	7	1	0.0466	78.4981	26	1.2
26	optabam	7	1	0.0466	78.5448	26	1.2
26	dari	4	1	0.0466	78.5914	26	1.2
26	concivi	7	1	0.0466	78.6381	26	1.2
26	turbas	6	1	0.0466	78.6847	26	1.2
26	dictum	6	1	0.0466	78.7313	26	1.2
26	reddidi	7	1	0.0466	78.778	26	1.2
26	quantas	7	1	0.0466	78.8246	26	1.2
26	scelestu	8	1	0.0466	78.8713	26	1.2
26	disperii	8	1	0.0466	78.9179	26	1.2
26	venerit	7	1	0.0466	78.9646	26	1.2
26	cesso	5	1	0.0466	79.0112	26	1.2
26	menedemo	8	1	0.0466	79.0578	26	1.2
26	dixit	5	1	0.0466	79.1045	26	1.2
26	gratia	6	1	0.0466	79.1511	26	1.2
26	adduxisse	9	1	0.0466	79.1978	26	1.2
26	persentisceres	14	1	0.0466	79.2444	26	1.2
26	ausculta	8	1	0.0466	79.291	26	1.2
26	superest	8	1	0.0466	79.3377	26	1.2
26	fallaciae	9	1	0.0466	79.3843	26	1.2
26	moremur	7	1	0.0466	79.431	26	1.2
26	adoriri	7	1	0.0466	79.4776	26	1.2
26	sapies	6	1	0.0466	79.5243	26	1.2
26	omnis	5	1	0.0466	79.5709	26	1.2
26	harunc	6	1	0.0466	79.6175	26	1.2
26	bacchidis	9	1	0.0466	79.6642	26	1.2
26	transduce	9	1	0.0466	79.7108	26	1.2
26	propere	7	1	0.0466	79.7575	26	1.2
26	quaeras	7	1	0.0466	79.8041	26	1.2
26	ecferant	8	1	0.0466	79.8507	26	1.2
26	attulerunt	10	1	0.0466	79.8974	26	1.2
26	sperabit	8	1	0.0466	79.944	26	1.2
26	sumptum	7	1	0.0466	79.9907	26	1.2
26	levatum	7	1	0.0466	80.0373	26	1.2
26	abitu	5	1	0.0466	80.084	26	1.2
26	nescis	6	1	0.0466	80.1306	26	1.2
26	scit	4	1	0.0466	80.1772	26	1.2
26	quaeve	6	1	0.0466	80.2239	26	1.2
26	pravitas	8	1	0.0466	80.2705	26	1.2
26	paullum	7	1	0.0466	80.3172	26	1.2
26	istast	6	1	0.0466	80.3638	26	1.2
26	lucri	5	1	0.0466	80.4104	26	1.2
26	damnum	6	1	0.0466	80.4571	26	1.2
26	licetne	7	1	0.0466	80.5037	26	1.2
26	adportet	8	1	0.0466	80.5504	26	1.2
26	insciens	8	1	0.0466	80.597	26	1.2
26	videas	6	1	0.0466	80.6437	26	1.2
26	filius	6	1	0.0466	80.6903	26	1.2
26	opus	4	1	0.0466	80.7369	26	1.2
26	periclum	8	1	0.0466	80.7836	26	1.2
26	nequeo	6	1	0.0466	80.8302	26	1.2
26	multimodis	10	1	0.0466	80.8769	26	1.2
26	iniurius	8	1	0.0466	80.9235	26	1.2
26	ferri	5	1	0.0466	80.9701	26	1.2
26	potis	5	1	0.0466	81.0168	26	1.2
26	potiri	6	1	0.0466	81.0634	26	1.2
26	des	3	1	0.0466	81.1101	26	1.2
26	effici	6	1	0.0466	81.1567	26	1.2
26	potiundo	8	1	0.0466	81.2034	26	1.2
26	stulte	6	1	0.0466	81.25	26	1.2
26	enimvero	8	1	0.0466	81.2966	26	1.2
26	sapis	5	1	0.0466	81.3433	26	1.2
26	saperest	8	1	0.0466	81.3899	26	1.2
26	ain	3	1	0.0466	81.4366	26	1.2
26	contingere	10	1	0.0466	81.4832	26	1.2
26	habenda	7	1	0.0466	81.5299	26	1.2
26	his	3	1	0.0466	81.5765	26	1.2
26	mittenda	8	1	0.0466	81.6231	26	1.2
26	harum	5	1	0.0466	81.6698	26	1.2
26	duarum	6	1	0.0466	81.7164	26	1.2
26	condicionum	11	1	0.0466	81.7631	26	1.2
26	reticere	8	1	0.0466	81.8097	26	1.2
26	sinas	5	1	0.0466	81.8563	26	1.2
26	malis	5	1	0.0466	81.903	26	1.2
26	dicimus	7	1	0.0466	81.9496	26	1.2
26	subtemen	8	1	0.0466	81.9963	26	1.2
26	nebat	5	1	0.0466	82.0429	26	1.2
26	praeterea	9	1	0.0466	82.0896	26	1.2
26	ancillula	9	1	0.0466	82.1362	26	1.2
26	texebat	7	1	0.0466	82.1828	26	1.2
26	pannis	6	1	0.0466	82.2295	26	1.2
26	obsita	6	1	0.0466	82.2761	26	1.2
26	neglecta	8	1	0.0466	82.3228	26	1.2
26	inmunda	7	1	0.0466	82.3694	26	1.2
26	inluvie	7	1	0.0466	82.416	26	1.2
26	redisse	7	1	0.0466	82.4627	26	1.2
26	memorabile	10	1	0.0466	82.5093	26	1.2
26	rogare	6	1	0.0466	82.556	26	1.2
26	veniret	7	1	0.0466	82.6026	26	1.2
26	desinit	7	1	0.0466	82.6493	26	1.2
26	lacrumis	8	1	0.0466	82.6959	26	1.2
26	opplet	6	1	0.0466	82.7425	26	1.2
26	os	2	1	0.0466	82.7892	26	1.2
26	totum	5	1	0.0466	82.8358	26	1.2
26	scires	6	1	0.0466	82.8825	26	1.2
26	desiderio	9	1	0.0466	82.9291	26	1.2
26	adducimus	9	1	0.0466	82.9757	26	1.2
26	utram	5	1	0.0466	83.0224	26	1.2
26	etsi	4	1	0.0466	83.069	26	1.2
26	reiectu	7	1	0.0466	83.1157	26	1.2
26	negabi	6	1	0.0466	83.1623	26	1.2
26	utramvis	8	1	0.0466	83.209	26	1.2
26	otiose	6	1	0.0466	83.2556	26	1.2
26	dormias	7	1	0.0466	83.3022	26	1.2
26	sero	4	1	0.0466	83.3489	26	1.2
26	nequiquam	9	1	0.0466	83.3955	26	1.2
26	voles	5	1	0.0466	83.4422	26	1.2
26	perge	5	1	0.0466	83.4888	26	1.2
26	ago	3	1	0.0466	83.5354	26	1.2
26	concaluit	9	1	0.0466	83.5821	26	1.2
26	adsum	5	1	0.0466	83.6287	26	1.2
26	placere	7	1	0.0466	83.6754	26	1.2
26	metum	5	1	0.0466	83.722	26	1.2
26	ridiculumst	11	1	0.0466	83.7687	26	1.2
26	admonere	8	1	0.0466	83.8153	26	1.2
26	minor	5	1	0.0466	83.8619	26	1.2
26	agatur	6	1	0.0466	83.9086	26	1.2
26	advorsi	7	1	0.0466	83.9552	26	1.2
26	erunt	5	1	0.0466	84.0019	26	1.2
26	parata	6	1	0.0466	84.0485	26	1.2
26	verbera	7	1	0.0466	84.0951	26	1.2
26	quapropter	10	1	0.0466	84.1418	26	1.2
26	utiquam	7	1	0.0466	84.1884	26	1.2
26	aurem	5	1	0.0466	84.2351	26	1.2
26	faxo	4	1	0.0466	84.2817	26	1.2
26	consilium	9	1	0.0466	84.3284	26	1.2
26	reddideras	10	1	0.0466	84.375	26	1.2
26	cepi	4	1	0.0466	84.4216	26	1.2
26	rectum	6	1	0.0466	84.4683	26	1.2
26	tecum	5	1	0.0466	84.5149	26	1.2
26	metu	4	1	0.0466	84.5616	26	1.2
26	copiast	7	1	0.0466	84.6082	26	1.2
26	inveniam	8	1	0.0466	84.6549	26	1.2
26	efficerem	9	1	0.0466	84.7015	26	1.2
26	orando	6	1	0.0466	84.7481	26	1.2
26	surdas	6	1	0.0466	84.7948	26	1.2
26	auris	5	1	0.0466	84.8414	26	1.2
26	experiundo	10	1	0.0466	84.8881	26	1.2
26	ademptum	8	1	0.0466	84.9347	26	1.2
26	adsimulabimus	13	1	0.0466	84.9813	26	1.2
26	matrem	6	1	0.0466	85.028	26	1.2
26	abducetur	9	1	0.0466	85.0746	26	1.2
26	longumst	8	1	0.0466	85.1213	26	1.2
26	narrem	6	1	0.0466	85.1679	26	1.2
26	faciam	6	1	0.0466	85.2146	26	1.2
26	ambo	4	1	0.0466	85.2612	26	1.2
26	confiteamini	12	1	0.0466	85.3078	26	1.2
26	revortantur	11	1	0.0466	85.3545	26	1.2
26	domum	5	1	0.0466	85.4011	26	1.2
26	neglegenter	11	1	0.0466	85.4478	26	1.2
26	caput	5	1	0.0466	85.4944	26	1.2
26	istunc	6	1	0.0466	85.541	26	1.2
26	fecimus	7	1	0.0466	85.5877	26	1.2
26	verbis	6	1	0.0466	85.6343	26	1.2
26	errat	5	1	0.0466	85.681	26	1.2
26	videlicet	9	1	0.0466	85.7276	26	1.2
26	sumu	4	1	0.0466	85.7743	26	1.2
26	locuti	6	1	0.0466	85.8209	26	1.2
26	aliter	6	1	0.0466	85.8675	26	1.2
26	amorem	6	1	0.0466	85.9142	26	1.2
26	vitast	6	1	0.0466	85.9608	26	1.2
26	erga	4	1	0.0466	86.0075	26	1.2
26	coniecturam	11	1	0.0466	86.0541	26	1.2
26	ignores	7	1	0.0466	86.1007	26	1.2
26	volebam	7	1	0.0466	86.1474	26	1.2
26	dicta	5	1	0.0466	86.194	26	1.2
26	mater	5	1	0.0466	86.2407	26	1.2
26	antehac	7	1	0.0466	86.2873	26	1.2
26	obiit	5	1	0.0466	86.334	26	1.2
26	mortem	6	1	0.0466	86.3806	26	1.2
26	itinere	7	1	0.0466	86.4272	26	1.2
26	alterae	7	1	0.0466	86.4739	26	1.2
26	enarrem	7	1	0.0466	86.5205	26	1.2
26	veniam	6	1	0.0466	86.5672	26	1.2
26	omnium	6	1	0.0466	86.6138	26	1.2
26	nostris	7	1	0.0466	86.6604	26	1.2
26	quos	4	1	0.0466	86.7071	26	1.2
26	aedis	5	1	0.0466	86.7537	26	1.2
26	stultest	8	1	0.0466	86.8004	26	1.2
26	sermones	8	1	0.0466	86.847	26	1.2
26	caedimus	8	1	0.0466	86.8937	26	1.2
26	illae	5	1	0.0466	86.9403	26	1.2
26	relictae	8	1	0.0466	86.9869	26	1.2
26	oportuit	8	1	0.0466	87.0336	26	1.2
26	relictas	8	1	0.0466	87.0802	26	1.2
26	portant	7	1	0.0466	87.1269	26	1.2
26	vesperascit	11	1	0.0466	87.1735	26	1.2
26	noverunt	8	1	0.0466	87.2201	26	1.2
26	viam	4	1	0.0466	87.2668	26	1.2
26	propera	7	1	0.0466	87.3134	26	1.2
26	eccos	5	1	0.0466	87.3601	26	1.2
26	boni	4	1	0.0466	87.4067	26	1.2
26	turbaest	8	1	0.0466	87.4534	26	1.2
26	aedes	5	1	0.0466	87.5	26	1.2
26	nostrae	7	1	0.0466	87.5466	26	1.2
26	vix	3	1	0.0466	87.5933	26	1.2
26	capient	7	1	0.0466	87.6399	26	1.2
26	comedent	8	1	0.0466	87.6866	26	1.2
26	ebibent	7	1	0.0466	87.7332	26	1.2
26	sene	4	1	0.0466	87.7799	26	1.2
26	miserius	8	1	0.0466	87.8265	26	1.2
26	ventum	6	1	0.0466	87.8731	26	1.2
26	pultat	6	1	0.0466	87.9198	26	1.2
26	circum	6	1	0.0466	87.9664	26	1.2
26	lugubri	7	1	0.0466	88.0131	26	1.2
26	quoiusque	9	1	0.0466	88.0597	26	1.2
26	ingenium	8	1	0.0466	88.1063	26	1.2
26	declarat	8	1	0.0466	88.153	26	1.2
26	texentem	8	1	0.0466	88.1996	26	1.2
26	studiose	8	1	0.0466	88.2463	26	1.2
26	ipsam	5	1	0.0466	88.2929	26	1.2
26	offendimus	10	1	0.0466	88.3396	26	1.2
26	mediocriter	11	1	0.0466	88.3862	26	1.2
26	vestitam	8	1	0.0466	88.4328	26	1.2
26	veste	5	1	0.0466	88.4795	26	1.2
26	anui	4	1	0.0466	88.5261	26	1.2
26	vitae	5	1	0.0466	88.5728	26	1.2
26	mortua	6	1	0.0466	88.6194	26	1.2
26	auro	4	1	0.0466	88.666	26	1.2
26	ornatam	7	1	0.0466	88.7127	26	1.2
26	ornantur	8	1	0.0466	88.7593	26	1.2
26	mala	4	1	0.0466	88.806	26	1.2
26	expolitam	9	1	0.0466	88.8526	26	1.2
26	muliebri	8	1	0.0466	88.8993	26	1.2
26	capillu	7	1	0.0466	88.9459	26	1.2
26	pexu	4	1	0.0466	88.9925	26	1.2
26	prolixus	8	1	0.0466	89.0392	26	1.2
26	consuetudinem	13	1	0.0466	89.0858	26	1.2
26	cotidianae	10	1	0.0466	89.1325	26	1.2
26	fores	5	1	0.0466	89.1791	26	1.2
26	sciri	5	1	0.0466	89.2257	26	1.2
26	prodit	6	1	0.0466	89.2724	26	1.2
26	aperuit	7	1	0.0466	89.319	26	1.2
26	ostium	6	1	0.0466	89.3657	26	1.2
26	coniecit	8	1	0.0466	89.4123	26	1.2
26	consequor	9	1	0.0466	89.459	26	1.2
26	foribus	7	1	0.0466	89.5056	26	1.2
26	obdit	5	1	0.0466	89.5522	26	1.2
26	pessulum	8	1	0.0466	89.5989	26	1.2
26	lanam	5	1	0.0466	89.6455	26	1.2
26	redit	5	1	0.0466	89.6922	26	1.2
26	nusquam	7	1	0.0466	89.7388	26	1.2
26	copiam	6	1	0.0466	89.7854	26	1.2
26	alibi	5	1	0.0466	89.8321	26	1.2
26	studio	6	1	0.0466	89.8787	26	1.2
26	vitam	5	1	0.0466	89.9254	26	1.2
26	absente	7	1	0.0466	89.972	26	1.2
26	exegerit	8	1	0.0466	90.0187	26	1.2
26	inprovisost	11	1	0.0466	90.0653	26	1.2
26	interventum	11	1	0.0466	90.1119	26	1.2
26	mulieri	7	1	0.0466	90.1586	26	1.2
26	dedit	5	1	0.0466	90.2052	26	1.2
26	existumandi	11	1	0.0466	90.2519	26	1.2
26	neglectust	10	1	0.0466	90.2985	26	1.2
26	exora	5	1	0.0466	90.3451	26	1.2
26	loquere	7	1	0.0466	90.3918	26	1.2
26	stulto	6	1	0.0466	90.4384	26	1.2
26	temperanti	10	1	0.0466	90.4851	26	1.2
26	functus	7	1	0.0466	90.5317	26	1.2
26	officium	8	1	0.0466	90.5784	26	1.2
26	molestumst	10	1	0.0466	90.625	26	1.2
26	videtur	7	1	0.0466	90.6716	26	1.2
26	actumst	7	1	0.0466	90.7183	26	1.2
26	priu	4	1	0.0466	90.7649	26	1.2
26	indicarit	9	1	0.0466	90.8116	26	1.2
26	effecero	8	1	0.0466	90.8582	26	1.2
26	vin	3	1	0.0466	90.9049	26	1.2
26	auscultare	10	1	0.0466	90.9515	26	1.2
26	praecipio	9	1	0.0466	90.9981	26	1.2
26	abire	5	1	0.0466	91.0448	26	1.2
26	aliquo	6	1	0.0466	91.0914	26	1.2
26	locum	5	1	0.0466	91.1381	26	1.2
26	deambulatum	11	1	0.0466	91.1847	26	1.2
26	desit	5	1	0.0466	91.2313	26	1.2
26	locus	5	1	0.0466	91.278	26	1.2
26	istac	5	1	0.0466	91.3246	26	1.2
26	istorsum	8	1	0.0466	91.3713	26	1.2
26	quovis	6	1	0.0466	91.4179	26	1.2
26	pol	3	1	0.0466	91.4646	26	1.2
26	frugi	5	1	0.0466	91.5112	26	1.2
26	quisnam	7	1	0.0466	91.5578	26	1.2
26	posthac	7	1	0.0466	91.6045	26	1.2
26	usu	3	1	0.0466	91.6511	26	1.2
26	meum	4	1	0.0466	91.6978	26	1.2
26	memineris	9	1	0.0466	91.7444	26	1.2
26	aliquando	9	1	0.0466	91.791	26	1.2
26	humana	6	1	0.0466	91.8377	26	1.2
26	tuos	4	1	0.0466	91.8843	26	1.2
26	faciat	6	1	0.0466	91.931	26	1.2
26	spero	5	1	0.0466	91.9776	26	1.2
26	senserim	8	1	0.0466	92.0243	26	1.2
26	aetas	5	1	0.0466	92.0709	26	1.2
26	vides	5	1	0.0466	92.1175	26	1.2
26	veniat	6	1	0.0466	92.1642	26	1.2
26	licere	6	1	0.0466	92.2108	26	1.2
26	tractare	8	1	0.0466	92.2575	26	1.2
26	possim	6	1	0.0466	92.3041	26	1.2
26	numquam	7	1	0.0466	92.3507	26	1.2
26	commodius	9	1	0.0466	92.3974	26	1.2
26	umquam	6	1	0.0466	92.444	26	1.2
26	erum	4	1	0.0466	92.4907	26	1.2
26	loqui	5	1	0.0466	92.5373	26	1.2
26	facerem	7	1	0.0466	92.584	26	1.2
26	crederem	8	1	0.0466	92.6306	26	1.2
26	inpunius	8	1	0.0466	92.6772	26	1.2
26	istas	5	1	0.0466	92.7239	26	1.2
26	comprimito	10	1	0.0466	92.7705	26	1.2
26	calleo	6	1	0.0466	92.8172	26	1.2
26	poscit	6	1	0.0466	92.8638	26	1.2
26	reliquit	8	1	0.0466	92.9104	26	1.2
26	adulescentulam	14	1	0.0466	92.9571	26	1.2
26	relicta	7	1	0.0466	93.0037	26	1.2
26	arraboni	8	1	0.0466	93.0504	26	1.2
26	pro	3	1	0.0466	93.097	26	1.2
26	adduxit	7	1	0.0466	93.1437	26	1.2
26	orat	4	1	0.0466	93.1903	26	1.2
26	det	3	1	0.0466	93.2369	26	1.2
26	daturum	7	1	0.0466	93.2836	26	1.2
26	nummum	6	1	0.0466	93.3302	26	1.2
26	hui	3	1	0.0466	93.3769	26	1.2
26	mutuom	6	1	0.0466	93.4235	26	1.2
26	dubium	6	1	0.0466	93.4701	26	1.2
26	putavi	6	1	0.0466	93.5168	26	1.2
26	captam	6	1	0.0466	93.5634	26	1.2
26	caria	5	1	0.0466	93.6101	26	1.2
26	ditem	5	1	0.0466	93.6567	26	1.2
26	nobilem	7	1	0.0466	93.7034	26	1.2
26	redimat	7	1	0.0466	93.75	26	1.2
26	inesse	6	1	0.0466	93.7966	26	1.2
26	lucrum	6	1	0.0466	93.8433	26	1.2
26	optata	6	1	0.0466	93.8899	26	1.2
26	mortuast	8	1	0.0466	93.9366	26	1.2
26	dederat	7	1	0.0466	93.9832	26	1.2
26	manus	5	1	0.0466	94.0299	26	1.2
26	minusque	8	1	0.0466	94.0765	26	1.2
26	censen	6	1	0.0466	94.1231	26	1.2
26	credas	6	1	0.0466	94.1698	26	1.2
26	facturum	8	1	0.0466	94.2164	26	1.2
26	opi	3	1	0.0466	94.2631	26	1.2
26	dant	4	1	0.0466	94.3097	26	1.2
26	servas	6	1	0.0466	94.3563	26	1.2
26	castigas	8	1	0.0466	94.403	26	1.2
26	mones	5	1	0.0466	94.4496	26	1.2
26	adservandus	11	1	0.0466	94.4963	26	1.2
26	minu	4	1	0.0466	94.5429	26	1.2
26	obtemperat	10	1	0.0466	94.5896	26	1.2
26	argenti	7	1	0.0466	94.6362	26	1.2
26	dicis	5	1	0.0466	94.6828	26	1.2
26	inveni	6	1	0.0466	94.7295	26	1.2
26	nuper	5	1	0.0466	94.7761	26	1.2
26	quandam	7	1	0.0466	94.8228	26	1.2
26	alio	4	1	0.0466	94.8694	26	1.2
26	incidit	7	1	0.0466	94.916	26	1.2
26	pessuma	7	1	0.0466	94.9627	26	1.2
26	inceptet	8	1	0.0466	95.0093	26	1.2
26	corinthia	9	1	0.0466	95.056	26	1.2
26	drachumarum	11	1	0.0466	95.1026	26	1.2
26	mentiri	7	1	0.0466	95.1493	26	1.2
26	soleat	6	1	0.0466	95.1959	26	1.2
26	adsimulet	9	1	0.0466	95.2425	26	1.2
26	nihilo	6	1	0.0466	95.2892	26	1.2
26	eversas	7	1	0.0466	95.3358	26	1.2
26	cervices	8	1	0.0466	95.3825	26	1.2
26	tuas	4	1	0.0466	95.4291	26	1.2
26	gemitus	7	1	0.0466	95.4757	26	1.2
26	screatus	8	1	0.0466	95.5224	26	1.2
26	tussis	6	1	0.0466	95.569	26	1.2
26	risus	5	1	0.0466	95.6157	26	1.2
26	abstine	7	1	0.0466	95.6623	26	1.2
26	consecutae	10	1	0.0466	95.709	26	1.2
26	mulieres	8	1	0.0466	95.7556	26	1.2
26	sinam	5	1	0.0466	95.8022	26	1.2
26	inpotens	8	1	0.0466	95.8489	26	1.2
26	veto	4	1	0.0466	95.8955	26	1.2
26	abeas	5	1	0.0466	95.9422	26	1.2
26	manebit	7	1	0.0466	95.9888	26	1.2
26	ambula	6	1	0.0466	96.0354	26	1.2
26	vidi	4	1	0.0466	96.0821	26	1.2
26	habitum	7	1	0.0466	96.1287	26	1.2
26	diu	3	1	0.0466	96.1754	26	1.2
26	duras	5	1	0.0466	96.222	26	1.2
26	ite	3	1	0.0466	96.2687	26	1.2
26	exspectat	9	1	0.0466	96.3153	26	1.2
26	inversa	7	1	0.0466	96.3619	26	1.2
26	soleas	6	1	0.0466	96.4086	26	1.2
26	circumcursa	11	1	0.0466	96.4552	26	1.2
26	tractabat	9	1	0.0466	96.5019	26	1.2
26	perdoctast	10	1	0.0466	96.5485	26	1.2
26	probe	5	1	0.0466	96.5951	26	1.2
26	veni	4	1	0.0466	96.6418	26	1.2
26	omniumst	8	1	0.0466	96.6884	26	1.2
26	misere	6	1	0.0466	96.7351	26	1.2
26	offendi	7	1	0.0466	96.7817	26	1.2
26	militem	7	1	0.0466	96.8284	26	1.2
26	noctem	6	1	0.0466	96.875	26	1.2
26	orantem	7	1	0.0466	96.9216	26	1.2
26	arte	4	1	0.0466	96.9683	26	1.2
26	virum	5	1	0.0466	97.0149	26	1.2
26	novi	4	1	0.0466	97.0616	26	1.2
26	illius	6	1	0.0466	97.1082	26	1.2
26	cupidum	7	1	0.0466	97.1549	26	1.2
26	incenderet	10	1	0.0466	97.2015	26	1.2
26	eademque	8	1	0.0466	97.2481	26	1.2
26	gratissimum	11	1	0.0466	97.2948	26	1.2
26	inprudens	9	1	0.0466	97.3414	26	1.2
26	ruas	4	1	0.0466	97.3881	26	1.2
26	novisti	7	1	0.0466	97.4347	26	1.2
26	has	3	1	0.0466	97.4813	26	1.2
26	perspicax	9	1	0.0466	97.528	26	1.2
26	illac	5	1	0.0466	97.5746	26	1.2
26	inveniundumst	13	1	0.0466	97.6213	26	1.2
26	pacto	5	1	0.0466	97.6679	26	1.2
26	eros	4	1	0.0466	97.7146	26	1.2
26	abundet	7	1	0.0466	97.7612	26	1.2
26	gnatus	6	1	0.0466	97.8078	26	1.2
26	profugit	8	1	0.0466	97.8545	26	1.2
26	quem	4	1	0.0466	97.9011	26	1.2
26	syre	4	1	0.0466	97.9478	26	1.2
26	timui	5	1	0.0466	97.9944	26	1.2
26	faceret	7	1	0.0466	98.041	26	1.2
26	garris	6	1	0.0466	98.0877	26	1.2
26	eho	3	1	0.0466	98.1343	26	1.2
26	laudas	6	1	0.0466	98.181	26	1.2
26	fallunt	7	1	0.0466	98.2276	26	1.2
26	nostin	6	1	0.0466	98.2743	26	1.2
26	iocone	6	1	0.0466	98.3209	26	1.2
26	serio	5	1	0.0466	98.3675	26	1.2
26	dicat	5	1	0.0466	98.4142	26	1.2
26	nescio	6	1	0.0466	98.4608	26	1.2
26	addit	5	1	0.0466	98.5075	26	1.2
26	lubeat	6	1	0.0466	98.5541	26	1.2
26	stolidus	8	1	0.0466	98.6007	26	1.2
26	facere	6	1	0.0466	98.6474	26	1.2
26	iubes	5	1	0.0466	98.694	26	1.2
26	etenim	6	1	0.0466	98.7407	26	1.2
26	ditiis	6	1	0.0466	98.7873	26	1.2
26	vicinum	7	1	0.0466	98.834	26	1.2
26	intendenda	10	1	0.0466	98.8806	26	1.2
26	aquilae	7	1	0.0466	98.9272	26	1.2
26	senemst	7	1	0.0466	98.9739	26	1.2
26	quis	4	1	0.0466	99.0205	26	1.2
26	numnam	6	1	0.0466	99.0672	26	1.2
26	audivit	7	1	0.0466	99.1138	26	1.2
26	heri	4	1	0.0466	99.1604	26	1.2
26	biberis	7	1	0.0466	99.2071	26	1.2
26	narras	6	1	0.0466	99.2537	26	1.2
26	verost	6	1	0.0466	99.3004	26	1.2
26	dici	4	1	0.0466	99.347	26	1.2
26	solet	5	1	0.0466	99.3937	26	1.2
26	senectus	8	1	0.0466	99.4403	26	1.2
26	aridum	6	1	0.0466	99.4869	26	1.2
26	commoda	7	1	0.0466	99.5336	26	1.2
26	faceta	6	1	0.0466	99.5802	26	1.2
26	visast	6	1	0.0466	99.6269	26	1.2
26	forma	5	1	0.0466	99.6735	26	1.2
26	luculenta	9	1	0.0466	99.7201	26	1.2
26	olim	4	1	0.0466	99.7668	26	1.2
26	minimeque	9	1	0.0466	99.8134	26	1.2
26	deperit	7	1	0.0466	99.8601	26	1.2
26	avidum	6	1	0.0466	99.9067	26	1.2
26	miserum	7	1	0.0466	99.9534	26	1.2
26	fide	4	1	0.0466	100	26	1.2
