rank	word	wordlength	count	frequenz(count*100/1197)	sum frequenz	zipf(rank*count)	zipf(max/rank)
1	non	3	18	1.5038	1.5038	18	18
2	ut	2	17	1.4202	2.924	34	9
2	quid	4	17	1.4202	4.3442	34	9
3	est	3	16	1.3367	5.6809	48	6
4	in	2	14	1.1696	6.8505	56	4.5
5	si	2	12	1.0025	7.853	60	3.6
5	ad	2	12	1.0025	8.8555	60	3.6
6	et	2	11	0.919	9.7744	66	3
6	hoc	3	11	0.919	10.6934	66	3
7	te	2	10	0.8354	11.5288	70	2.6
8	me	2	9	0.7519	12.2807	72	2.3
8	sed	3	9	0.7519	13.0326	72	2.3
8	esse	4	9	0.7519	13.7845	72	2.3
9	se	2	8	0.6683	14.4528	72	2
9	nam	3	8	0.6683	15.1211	72	2
10	tu	2	7	0.5848	15.7059	70	1.8
10	quod	4	7	0.5848	16.2907	70	1.8
10	neque	5	7	0.5848	16.8755	70	1.8
10	scio	4	7	0.5848	17.4603	70	1.8
10	atque	5	7	0.5848	18.0451	70	1.8
10	hunc	4	7	0.5848	18.6299	70	1.8
10	ego	3	7	0.5848	19.2147	70	1.8
11	nunc	4	6	0.5013	19.716	66	1.6
11	ubi	3	6	0.5013	20.2172	66	1.6
11	haec	4	6	0.5013	20.7185	66	1.6
11	rem	3	6	0.5013	21.2197	66	1.6
11	inter	5	6	0.5013	21.721	66	1.6
11	quam	4	6	0.5013	22.2222	66	1.6
11	ab	2	6	0.5013	22.7235	66	1.6
11	postquam	8	6	0.5013	23.2247	66	1.6
11	ita	3	6	0.5013	23.726	66	1.6
11	quae	4	6	0.5013	24.2272	66	1.6
12	uxorem	6	5	0.4177	24.6449	60	1.5
12	mihi	4	5	0.4177	25.0627	60	1.5
12	intro	5	5	0.4177	25.4804	60	1.5
12	hic	3	5	0.4177	25.8981	60	1.5
12	qui	3	5	0.4177	26.3158	60	1.5
12	eam	3	5	0.4177	26.7335	60	1.5
12	senex	5	5	0.4177	27.1512	60	1.5
12	tum	3	5	0.4177	27.5689	60	1.5
12	causa	5	5	0.4177	27.9866	60	1.5
12	dicam	5	5	0.4177	28.4043	60	1.5
13	sane	4	4	0.3342	28.7385	52	1.4
13	quidem	6	4	0.3342	29.0727	52	1.4
13	maxume	6	4	0.3342	29.4069	52	1.4
13	sunt	4	4	0.3342	29.741	52	1.4
13	hodie	5	4	0.3342	30.0752	52	1.4
13	denique	7	4	0.3342	30.4094	52	1.4
13	ne	2	4	0.3342	30.7435	52	1.4
13	parmeno	7	4	0.3342	31.0777	52	1.4
13	domum	5	4	0.3342	31.4119	52	1.4
13	nemo	4	4	0.3342	31.746	52	1.4
13	sit	3	4	0.3342	32.0802	52	1.4
13	ea	2	4	0.3342	32.4144	52	1.4
13	ilico	5	4	0.3342	32.7485	52	1.4
13	eas	3	4	0.3342	33.0827	52	1.4
14	nescio	6	3	0.2506	33.3333	42	1.3
14	iam	3	3	0.2506	33.584	42	1.3
14	bacchidem	9	3	0.2506	33.8346	42	1.3
14	quom	4	3	0.2506	34.0852	42	1.3
14	pater	5	3	0.2506	34.3358	42	1.3
14	multo	5	3	0.2506	34.5865	42	1.3
14	sese	4	3	0.2506	34.8371	42	1.3
14	quoi	4	3	0.2506	35.0877	42	1.3
14	illum	5	3	0.2506	35.3383	42	1.3
14	posse	5	3	0.2506	35.589	42	1.3
14	diem	4	3	0.2506	35.8396	42	1.3
14	ante	4	3	0.2506	36.0902	42	1.3
14	at	2	3	0.2506	36.3409	42	1.3
14	huc	3	3	0.2506	36.5915	42	1.3
14	bene	4	3	0.2506	36.8421	42	1.3
14	siet	4	3	0.2506	37.0927	42	1.3
14	perii	5	3	0.2506	37.3434	42	1.3
14	pamphilum	9	3	0.2506	37.594	42	1.3
14	edepol	6	3	0.2506	37.8446	42	1.3
14	eo	2	3	0.2506	38.0952	42	1.3
14	vero	4	3	0.2506	38.3459	42	1.3
14	tibi	4	3	0.2506	38.5965	42	1.3
14	irae	4	3	0.2506	38.8471	42	1.3
14	uti	3	3	0.2506	39.0977	42	1.3
14	venit	5	3	0.2506	39.3484	42	1.3
14	video	5	3	0.2506	39.599	42	1.3
14	illam	5	3	0.2506	39.8496	42	1.3
14	hanc	4	3	0.2506	40.1003	42	1.3
14	etiam	5	3	0.2506	40.3509	42	1.3
14	haud	4	3	0.2506	40.6015	42	1.3
14	tuom	4	3	0.2506	40.8521	42	1.3
14	quaeret	7	3	0.2506	41.1028	42	1.3
14	boni	4	3	0.2506	41.3534	42	1.3
14	arbitror	8	3	0.2506	41.604	42	1.3
14	philotium	9	3	0.2506	41.8546	42	1.3
14	autem	5	3	0.2506	42.1053	42	1.3
14	feci	4	3	0.2506	42.3559	42	1.3
14	mi	2	3	0.2506	42.6065	42	1.3
15	illa	4	2	0.1671	42.7736	30	1.2
15	quo	3	2	0.1671	42.9407	30	1.2
15	ferre	5	2	0.1671	43.1078	30	1.2
15	iter	4	2	0.1671	43.2749	30	1.2
15	malum	5	2	0.1671	43.4419	30	1.2
15	dicas	5	2	0.1671	43.609	30	1.2
15	ob	2	2	0.1671	43.7761	30	1.2
15	habere	6	2	0.1671	43.9432	30	1.2
15	continuo	8	2	0.1671	44.1103	30	1.2
15	una	3	2	0.1671	44.2774	30	1.2
15	erat	4	2	0.1671	44.4444	30	1.2
15	di	2	2	0.1671	44.6115	30	1.2
15	ere	3	2	0.1671	44.7786	30	1.2
15	credo	5	2	0.1671	44.9457	30	1.2
15	homini	6	2	0.1671	45.1128	30	1.2
15	ibi	3	2	0.1671	45.2799	30	1.2
15	quin	4	2	0.1671	45.447	30	1.2
15	umquam	6	2	0.1671	45.614	30	1.2
15	ambulando	9	2	0.1671	45.7811	30	1.2
15	an	2	2	0.1671	45.9482	30	1.2
15	omnem	5	2	0.1671	46.1153	30	1.2
15	habes	5	2	0.1671	46.2824	30	1.2
15	sostratam	9	2	0.1671	46.4495	30	1.2
15	dies	4	2	0.1671	46.6165	30	1.2
15	ipsum	5	2	0.1671	46.7836	30	1.2
15	nihilo	6	2	0.1671	46.9507	30	1.2
15	illi	4	2	0.1671	47.1178	30	1.2
15	veniet	6	2	0.1671	47.2849	30	1.2
15	quemquam	8	2	0.1671	47.452	30	1.2
15	nil	3	2	0.1671	47.619	30	1.2
15	ipsus	5	2	0.1671	47.7861	30	1.2
15	iniurias	8	2	0.1671	47.9532	30	1.2
15	incommodum	10	2	0.1671	48.1203	30	1.2
15	facere	6	2	0.1671	48.2874	30	1.2
15	ipsi	4	2	0.1671	48.4545	30	1.2
15	omnis	5	2	0.1671	48.6216	30	1.2
15	philoti	7	2	0.1671	48.7886	30	1.2
15	itidem	6	2	0.1671	48.9557	30	1.2
15	commode	7	2	0.1671	49.1228	30	1.2
15	partim	6	2	0.1671	49.2899	30	1.2
15	tam	3	2	0.1671	49.457	30	1.2
15	adventum	8	2	0.1671	49.6241	30	1.2
15	inprudens	9	2	0.1671	49.7911	30	1.2
15	usu	3	2	0.1671	49.9582	30	1.2
15	vos	3	2	0.1671	50.1253	30	1.2
15	saepe	5	2	0.1671	50.2924	30	1.2
15	forte	5	2	0.1671	50.4595	30	1.2
15	iram	4	2	0.1671	50.6266	30	1.2
15	usque	5	2	0.1671	50.7937	30	1.2
15	nisi	4	2	0.1671	50.9607	30	1.2
15	eum	3	2	0.1671	51.1278	30	1.2
15	mecum	5	2	0.1671	51.2949	30	1.2
15	videt	5	2	0.1671	51.462	30	1.2
15	hospitem	8	2	0.1671	51.6291	30	1.2
15	fidem	5	2	0.1671	51.7962	30	1.2
15	pueri	5	2	0.1671	51.9632	30	1.2
15	philumenae	10	2	0.1671	52.1303	30	1.2
15	modo	4	2	0.1671	52.2974	30	1.2
15	accersi	7	2	0.1671	52.4645	30	1.2
15	equidem	7	2	0.1671	52.6316	30	1.2
15	pamphilus	9	2	0.1671	52.7987	30	1.2
15	rei	3	2	0.1671	52.9657	30	1.2
15	magis	5	2	0.1671	53.1328	30	1.2
15	integra	7	2	0.1671	53.2999	30	1.2
15	ducat	5	2	0.1671	53.467	30	1.2
15	dum	3	2	0.1671	53.6341	30	1.2
15	primo	5	2	0.1671	53.8012	30	1.2
15	factus	6	2	0.1671	53.9683	30	1.2
15	iubet	5	2	0.1671	54.1353	30	1.2
15	unde	4	2	0.1671	54.3024	30	1.2
15	numquam	7	2	0.1671	54.4695	30	1.2
15	hercle	6	2	0.1671	54.6366	30	1.2
15	totum	5	2	0.1671	54.8037	30	1.2
15	iterum	6	2	0.1671	54.9708	30	1.2
15	videre	6	2	0.1671	55.1378	30	1.2
15	enim	4	2	0.1671	55.3049	30	1.2
15	quia	4	2	0.1671	55.472	30	1.2
15	vis	3	2	0.1671	55.6391	30	1.2
15	illud	5	2	0.1671	55.8062	30	1.2
15	heri	4	2	0.1671	55.9733	30	1.2
15	advenit	7	2	0.1671	56.1404	30	1.2
15	odio	4	2	0.1671	56.3074	30	1.2
15	sum	3	2	0.1671	56.4745	30	1.2
15	gerunt	6	2	0.1671	56.6416	30	1.2
15	huius	5	2	0.1671	56.8087	30	1.2
16	factost	7	1	0.0835	56.8922	16	1.1
16	invisos	7	1	0.0835	56.9758	16	1.1
16	illis	5	1	0.0835	57.0593	16	1.1
16	poteram	7	1	0.0835	57.1429	16	1.1
16	nos	3	1	0.0835	57.2264	16	1.1
16	omnia	5	1	0.0835	57.3099	16	1.1
16	aliu	4	1	0.0835	57.3935	16	1.1
16	reverituras	11	1	0.0835	57.477	16	1.1
16	ambas	5	1	0.0835	57.5606	16	1.1
16	aetati	6	1	0.0835	57.6441	16	1.1
16	quibus	6	1	0.0835	57.7277	16	1.1
16	maxumae	7	1	0.0835	57.8112	16	1.1
16	sequi	5	1	0.0835	57.8947	16	1.1
16	essent	6	1	0.0835	57.9783	16	1.1
16	rebus	5	1	0.0835	58.0618	16	1.1
16	pamphile	8	1	0.0835	58.1454	16	1.1
16	interdum	8	1	0.0835	58.2289	16	1.1
16	faciunt	7	1	0.0835	58.3124	16	1.1
16	sentio	6	1	0.0835	58.396	16	1.1
16	dicent	6	1	0.0835	58.4795	16	1.1
16	capiti	6	1	0.0835	58.5631	16	1.1
16	exsequi	7	1	0.0835	58.6466	16	1.1
16	sostratae	9	1	0.0835	58.7302	16	1.1
16	servom	6	1	0.0835	58.8137	16	1.1
16	mei	3	1	0.0835	58.8972	16	1.1
16	aliquid	7	1	0.0835	58.9808	16	1.1
16	eri	3	1	0.0835	59.0643	16	1.1
16	veram	5	1	0.0835	59.1479	16	1.1
16	ampliores	9	1	0.0835	59.2314	16	1.1
16	rationem	8	1	0.0835	59.315	16	1.1
16	maxumas	7	1	0.0835	59.3985	16	1.1
16	voluit	6	1	0.0835	59.482	16	1.1
16	nolim	5	1	0.0835	59.5656	16	1.1
16	tulisse	7	1	0.0835	59.6491	16	1.1
16	induxti	7	1	0.0835	59.7327	16	1.1
16	comminiscentur	14	1	0.0835	59.8162	16	1.1
16	amplior	7	1	0.0835	59.8997	16	1.1
16	morbus	6	1	0.0835	59.9833	16	1.1
16	mali	4	1	0.0835	60.0668	16	1.1
16	quicquam	8	1	0.0835	60.1504	16	1.1
16	introisse	9	1	0.0835	60.2339	16	1.1
16	admittere	9	1	0.0835	60.3175	16	1.1
16	gubernat	8	1	0.0835	60.401	16	1.1
16	animum	6	1	0.0835	60.4845	16	1.1
16	restitues	9	1	0.0835	60.5681	16	1.1
16	concivisse	10	1	0.0835	60.6516	16	1.1
16	verbum	6	1	0.0835	60.7352	16	1.1
16	aliquod	7	1	0.0835	60.8187	16	1.1
16	pro	3	1	0.0835	60.9023	16	1.1
16	praetereat	10	1	0.0835	60.9858	16	1.1
16	unum	4	1	0.0835	61.0693	16	1.1
16	levibu	6	1	0.0835	61.1529	16	1.1
16	noxiis	6	1	0.0835	61.2364	16	1.1
16	iras	4	1	0.0835	61.32	16	1.1
16	fortasse	8	1	0.0835	61.4035	16	1.1
16	sententia	9	1	0.0835	61.4871	16	1.1
16	hem	3	1	0.0835	61.5706	16	1.1
16	facto	5	1	0.0835	61.6541	16	1.1
16	levi	4	1	0.0835	61.7377	16	1.1
16	ferme	5	1	0.0835	61.8212	16	1.1
16	mulieres	8	1	0.0835	61.9048	16	1.1
16	quapropter	10	1	0.0835	61.9883	16	1.1
16	illorum	7	1	0.0835	62.0718	16	1.1
16	illae	5	1	0.0835	62.1554	16	1.1
16	infirmum	8	1	0.0835	62.2389	16	1.1
16	sequor	6	1	0.0835	62.3225	16	1.1
16	levia	5	1	0.0835	62.406	16	1.1
16	animus	6	1	0.0835	62.4896	16	1.1
16	parvom	6	1	0.0835	62.5731	16	1.1
16	agedum	6	1	0.0835	62.6566	16	1.1
16	iratus	6	1	0.0835	62.7402	16	1.1
16	causast	7	1	0.0835	62.8237	16	1.1
16	id	2	1	0.0835	62.9073	16	1.1
16	dixerunt	8	1	0.0835	62.9908	16	1.1
16	cognosces	9	1	0.0835	63.0744	16	1.1
16	pergravia	9	1	0.0835	63.1579	16	1.1
16	nescioquid	10	1	0.0835	63.2414	16	1.1
16	eos	3	1	0.0835	63.325	16	1.1
16	de	2	1	0.0835	63.4085	16	1.1
16	eadem	5	1	0.0835	63.4921	16	1.1
16	expedies	8	1	0.0835	63.5756	16	1.1
16	rursum	6	1	0.0835	63.6591	16	1.1
16	philumenam	10	1	0.0835	63.7427	16	1.1
16	iracundu	8	1	0.0835	63.8262	16	1.1
16	fores	5	1	0.0835	63.9098	16	1.1
16	quidum	6	1	0.0835	63.9933	16	1.1
16	vetas	5	1	0.0835	64.0769	16	1.1
16	loqueris	8	1	0.0835	64.1604	16	1.1
16	tute	4	1	0.0835	64.2439	16	1.1
16	gratiam	7	1	0.0835	64.3275	16	1.1
16	sensistin	9	1	0.0835	64.411	16	1.1
16	inimicissimus	13	1	0.0835	64.4946	16	1.1
16	em	2	1	0.0835	64.5781	16	1.1
16	propius	7	1	0.0835	64.6617	16	1.1
16	accedo	6	1	0.0835	64.7452	16	1.1
16	plus	4	1	0.0835	64.8287	16	1.1
16	pavitare	8	1	0.0835	64.9123	16	1.1
16	istuc	5	1	0.0835	64.9958	16	1.1
16	morbu	5	1	0.0835	65.0794	16	1.1
16	myconium	8	1	0.0835	65.1629	16	1.1
16	dicdum	6	1	0.0835	65.2464	16	1.1
16	adulescens	10	1	0.0835	65.33	16	1.1
16	accedebam	9	1	0.0835	65.4135	16	1.1
16	suspicor	8	1	0.0835	65.4971	16	1.1
16	venerat	7	1	0.0835	65.5806	16	1.1
16	quisque	7	1	0.0835	65.6642	16	1.1
16	sedeo	5	1	0.0835	65.7477	16	1.1
16	ineptus	7	1	0.0835	65.8312	16	1.1
16	itaque	6	1	0.0835	65.9148	16	1.1
16	orco	4	1	0.0835	65.9983	16	1.1
16	callidemidem	12	1	0.0835	66.0819	16	1.1
16	arce	4	1	0.0835	66.1654	16	1.1
16	exspecto	8	1	0.0835	66.249	16	1.1
16	mortuom	7	1	0.0835	66.3325	16	1.1
16	desedi	6	1	0.0835	66.416	16	1.1
16	es	2	1	0.0835	66.4996	16	1.1
16	frustra	7	1	0.0835	66.5831	16	1.1
16	misit	5	1	0.0835	66.6667	16	1.1
16	nullam	6	1	0.0835	66.7502	16	1.1
16	preti	5	1	0.0835	66.8338	16	1.1
16	parvi	5	1	0.0835	66.9173	16	1.1
16	deputat	7	1	0.0835	67.0008	16	1.1
16	pacto	5	1	0.0835	67.0844	16	1.1
16	operam	6	1	0.0835	67.1679	16	1.1
16	erus	4	1	0.0835	67.2515	16	1.1
16	meam	4	1	0.0835	67.335	16	1.1
16	defessu	7	1	0.0835	67.4185	16	1.1
16	queo	4	1	0.0835	67.5021	16	1.1
16	vesperum	8	1	0.0835	67.5856	16	1.1
16	maneamne	8	1	0.0835	67.6692	16	1.1
16	quaeso	6	1	0.0835	67.7527	16	1.1
16	myconius	8	1	0.0835	67.8363	16	1.1
16	faciem	6	1	0.0835	67.9198	16	1.1
16	contrivi	8	1	0.0835	68.0033	16	1.1
16	aut	3	1	0.0835	68.0869	16	1.1
16	agiti	5	1	0.0835	68.1704	16	1.1
16	ex	2	1	0.0835	68.254	16	1.1
16	scire	5	1	0.0835	68.3375	16	1.1
16	licetne	7	1	0.0835	68.4211	16	1.1
16	ipso	4	1	0.0835	68.5046	16	1.1
16	nuntio	6	1	0.0835	68.5881	16	1.1
16	inquam	6	1	0.0835	68.6717	16	1.1
16	factum	6	1	0.0835	68.7552	16	1.1
16	maneo	5	1	0.0835	68.8388	16	1.1
16	reperies	8	1	0.0835	68.9223	16	1.1
16	verum	5	1	0.0835	69.0058	16	1.1
16	certe	5	1	0.0835	69.0894	16	1.1
16	visumst	7	1	0.0835	69.1729	16	1.1
16	cursando	8	1	0.0835	69.2565	16	1.1
16	callidemides	12	1	0.0835	69.34	16	1.1
16	nostro	6	1	0.0835	69.4236	16	1.1
16	ecquem	6	1	0.0835	69.5071	16	1.1
16	omnes	5	1	0.0835	69.5906	16	1.1
16	negabant	8	1	0.0835	69.6742	16	1.1
16	tamen	5	1	0.0835	69.7577	16	1.1
16	pudebat	7	1	0.0835	69.8413	16	1.1
16	abii	4	1	0.0835	69.9248	16	1.1
16	adfine	6	1	0.0835	70.0084	16	1.1
16	datast	6	1	0.0835	70.0919	16	1.1
16	exeuntem	8	1	0.0835	70.1754	16	1.1
16	huic	4	1	0.0835	70.259	16	1.1
16	aliud	5	1	0.0835	70.3425	16	1.1
16	tantumne	8	1	0.0835	70.4261	16	1.1
16	minime	6	1	0.0835	70.5096	16	1.1
16	potestas	8	1	0.0835	70.5931	16	1.1
16	perduint	8	1	0.0835	70.6767	16	1.1
16	novi	4	1	0.0835	70.7602	16	1.1
16	auctu	5	1	0.0835	70.8438	16	1.1
16	inanem	6	1	0.0835	70.9273	16	1.1
16	sola	4	1	0.0835	71.0109	16	1.1
16	narrabit	8	1	0.0835	71.0944	16	1.1
16	dolores	7	1	0.0835	71.1779	16	1.1
16	quidpiam	8	1	0.0835	71.2615	16	1.1
16	remittent	9	1	0.0835	71.345	16	1.1
16	nolo	4	1	0.0835	71.4286	16	1.1
16	ire	3	1	0.0835	71.5121	16	1.1
16	agat	4	1	0.0835	71.5957	16	1.1
16	iit	3	1	0.0835	71.6792	16	1.1
16	tuos	4	1	0.0835	71.7627	16	1.1
16	filius	6	1	0.0835	71.8463	16	1.1
16	adfert	6	1	0.0835	71.9298	16	1.1
16	molestiam	9	1	0.0835	72.0134	16	1.1
16	capit	5	1	0.0835	72.0969	16	1.1
16	laborem	7	1	0.0835	72.1805	16	1.1
16	intervenerit	12	1	0.0835	72.264	16	1.1
16	istinc	6	1	0.0835	72.3475	16	1.1
16	era	3	1	0.0835	72.4311	16	1.1
16	crimen	6	1	0.0835	72.5146	16	1.1
16	magnum	6	1	0.0835	72.5982	16	1.1
16	heus	4	1	0.0835	72.6817	16	1.1
16	sostrata	8	1	0.0835	72.7652	16	1.1
16	temere	6	1	0.0835	72.8488	16	1.1
16	excludere	9	1	0.0835	72.9323	16	1.1
16	duco	4	1	0.0835	73.0159	16	1.1
16	visas	5	1	0.0835	73.0994	16	1.1
16	mittas	6	1	0.0835	73.183	16	1.1
16	visendi	7	1	0.0835	73.2665	16	1.1
16	amat	4	1	0.0835	73.35	16	1.1
16	bis	3	1	0.0835	73.4336	16	1.1
16	stulte	6	1	0.0835	73.5171	16	1.1
16	soli	4	1	0.0835	73.6007	16	1.1
16	ortumst	7	1	0.0835	73.6842	16	1.1
16	conveniam	9	1	0.0835	73.7678	16	1.1
16	faceres	7	1	0.0835	73.8513	16	1.1
16	rumperet	8	1	0.0835	73.9348	16	1.1
16	redisset	8	1	0.0835	74.0184	16	1.1
16	salvos	6	1	0.0835	74.1019	16	1.1
16	immo	4	1	0.0835	74.1855	16	1.1
16	vovisse	7	1	0.0835	74.269	16	1.1
16	arcem	5	1	0.0835	74.3525	16	1.1
16	stas	4	1	0.0835	74.4361	16	1.1
16	velit	5	1	0.0835	74.5196	16	1.1
16	siquid	6	1	0.0835	74.6032	16	1.1
16	adibo	5	1	0.0835	74.6867	16	1.1
16	ite	3	1	0.0835	74.7703	16	1.1
16	ostium	6	1	0.0835	74.8538	16	1.1
16	stare	5	1	0.0835	74.9373	16	1.1
16	sosia	5	1	0.0835	75.0209	16	1.1
16	minitare	8	1	0.0835	75.1044	16	1.1
16	initium	7	1	0.0835	75.188	16	1.1
16	veniant	7	1	0.0835	75.2715	16	1.1
16	eccum	5	1	0.0835	75.3551	16	1.1
16	egredi	6	1	0.0835	75.4386	16	1.1
16	tristisest	10	1	0.0835	75.5221	16	1.1
16	sciunt	6	1	0.0835	75.6057	16	1.1
16	viam	4	1	0.0835	75.6892	16	1.1
16	qua	3	1	0.0835	75.7728	16	1.1
16	ain	3	1	0.0835	75.8563	16	1.1
16	leves	5	1	0.0835	75.9398	16	1.1
16	evenisse	8	1	0.0835	76.0234	16	1.1
16	itan	4	1	0.0835	76.1069	16	1.1
16	odiosum	7	1	0.0835	76.1905	16	1.1
16	olim	4	1	0.0835	76.274	16	1.1
16	causae	6	1	0.0835	76.3576	16	1.1
16	inpellebant	11	1	0.0835	76.4411	16	1.1
16	factae	6	1	0.0835	76.5246	16	1.1
16	lites	5	1	0.0835	76.6082	16	1.1
16	rediisses	9	1	0.0835	76.6917	16	1.1
16	donec	5	1	0.0835	76.7753	16	1.1
16	commiseresceret	15	1	0.0835	76.8588	16	1.1
16	eiu	3	1	0.0835	76.9424	16	1.1
16	adesset	7	1	0.0835	77.0259	16	1.1
16	ipsam	5	1	0.0835	77.1094	16	1.1
16	tulit	5	1	0.0835	77.193	16	1.1
16	aegre	5	1	0.0835	77.2765	16	1.1
16	demum	5	1	0.0835	77.3601	16	1.1
16	dari	4	1	0.0835	77.4436	16	1.1
16	ullam	5	1	0.0835	77.5272	16	1.1
16	moram	5	1	0.0835	77.6107	16	1.1
16	nec	3	1	0.0835	77.6942	16	1.1
16	paratas	7	1	0.0835	77.7778	16	1.1
16	nuptiis	7	1	0.0835	77.8613	16	1.1
16	ipsis	5	1	0.0835	77.9449	16	1.1
16	grave	5	1	0.0835	78.0284	16	1.1
16	datum	5	1	0.0835	78.1119	16	1.1
16	effecit	7	1	0.0835	78.1955	16	1.1
16	foret	5	1	0.0835	78.279	16	1.1
16	pudorin	7	1	0.0835	78.3626	16	1.1
16	anne	4	1	0.0835	78.4461	16	1.1
16	amori	5	1	0.0835	78.5297	16	1.1
16	obsequeretur	12	1	0.0835	78.6132	16	1.1
16	tundendo	8	1	0.0835	78.6967	16	1.1
16	despondit	9	1	0.0835	78.7803	16	1.1
16	utiquam	7	1	0.0835	78.8638	16	1.1
16	ei	2	1	0.0835	78.9474	16	1.1
16	gnatam	6	1	0.0835	79.0309	16	1.1
16	vicini	6	1	0.0835	79.1145	16	1.1
16	proxumi	7	1	0.0835	79.198	16	1.1
16	visum	5	1	0.0835	79.2815	16	1.1
16	pamphilo	8	1	0.0835	79.3651	16	1.1
16	ubiquomque	10	1	0.0835	79.4486	16	1.1
16	spatium	7	1	0.0835	79.5322	16	1.1
16	animi	5	1	0.0835	79.6157	16	1.1
16	cupiens	7	1	0.0835	79.6992	16	1.1
16	duxisset	8	1	0.0835	79.7828	16	1.1
16	seque	5	1	0.0835	79.8663	16	1.1
16	virgo	5	1	0.0835	79.9499	16	1.1
16	narratque	9	1	0.0835	80.0334	16	1.1
16	foras	5	1	0.0835	80.117	16	1.1
16	seducit	7	1	0.0835	80.2005	16	1.1
16	solum	5	1	0.0835	80.284	16	1.1
16	post	4	1	0.0835	80.3676	16	1.1
16	pauculis	8	1	0.0835	80.4511	16	1.1
16	diebu	5	1	0.0835	80.5347	16	1.1
16	duxerat	7	1	0.0835	80.6182	16	1.1
16	invitus	7	1	0.0835	80.7018	16	1.1
16	ille	4	1	0.0835	80.7853	16	1.1
16	tui	3	1	0.0835	80.8688	16	1.1
16	videri	6	1	0.0835	80.9524	16	1.1
16	solitudinis	11	1	0.0835	81.0359	16	1.1
16	pauca	5	1	0.0835	81.1195	16	1.1
16	conloqui	8	1	0.0835	81.203	16	1.1
16	posset	6	1	0.0835	81.2865	16	1.1
16	egi	3	1	0.0835	81.3701	16	1.1
16	conieci	7	1	0.0835	81.4536	16	1.1
16	potero	6	1	0.0835	81.5372	16	1.1
16	miser	5	1	0.0835	81.6207	16	1.1
16	redeam	6	1	0.0835	81.7043	16	1.1
16	nox	3	1	0.0835	81.7878	16	1.1
16	deducit	7	1	0.0835	81.8713	16	1.1
16	nocte	5	1	0.0835	81.9549	16	1.1
16	prima	5	1	0.0835	82.0384	16	1.1
16	virginem	8	1	0.0835	82.122	16	1.1
16	attigit	7	1	0.0835	82.2055	16	1.1
16	consecutast	11	1	0.0835	82.2891	16	1.1
16	incertus	8	1	0.0835	82.3726	16	1.1
16	fecit	5	1	0.0835	82.4561	16	1.1
16	tolerare	8	1	0.0835	82.5397	16	1.1
16	dic	3	1	0.0835	82.6232	16	1.1
16	firmae	6	1	0.0835	82.7068	16	1.1
16	habet	5	1	0.0835	82.7903	16	1.1
16	militem	7	1	0.0835	82.8739	16	1.1
16	orationi	8	1	0.0835	82.9574	16	1.1
16	statuisse	9	1	0.0835	83.0409	16	1.1
16	finem	5	1	0.0835	83.1245	16	1.1
16	opinor	6	1	0.0835	83.208	16	1.1
16	contempsisse	12	1	0.0835	83.2916	16	1.1
16	consilium	9	1	0.0835	83.3751	16	1.1
16	cepisse	7	1	0.0835	83.4586	16	1.1
16	athenarum	9	1	0.0835	83.5422	16	1.1
16	desiderium	10	1	0.0835	83.6257	16	1.1
16	diu	3	1	0.0835	83.7093	16	1.1
16	oblectasti	10	1	0.0835	83.7928	16	1.1
16	syra	4	1	0.0835	83.8764	16	1.1
16	sint	4	1	0.0835	83.9599	16	1.1
16	scirte	6	1	0.0835	84.0434	16	1.1
16	isse	4	1	0.0835	84.127	16	1.1
16	dicito	6	1	0.0835	84.2105	16	1.1
16	portum	6	1	0.0835	84.2941	16	1.1
16	percontatum	11	1	0.0835	84.3776	16	1.1
16	pamphili	8	1	0.0835	84.4612	16	1.1
16	audin	5	1	0.0835	84.5447	16	1.1
16	nullu	5	1	0.0835	84.6282	16	1.1
16	multum	6	1	0.0835	84.7118	16	1.1
16	dixeris	7	1	0.0835	84.7953	16	1.1
16	alias	5	1	0.0835	84.8789	16	1.1
16	possim	6	1	0.0835	84.9624	16	1.1
16	hac	3	1	0.0835	85.0459	16	1.1
16	videon	6	1	0.0835	85.1295	16	1.1
16	salve	5	1	0.0835	85.213	16	1.1
16	vereor	6	1	0.0835	85.2966	16	1.1
16	nuptiae	7	1	0.0835	85.3801	16	1.1
16	instat	6	1	0.0835	85.4637	16	1.1
16	orare	5	1	0.0835	85.5472	16	1.1
16	acrius	6	1	0.0835	85.6307	16	1.1
16	negare	6	1	0.0835	85.7143	16	1.1
16	ill	3	1	0.0835	85.7978	16	1.1
16	suae	4	1	0.0835	85.8814	16	1.1
16	senectuti	9	1	0.0835	85.9649	16	1.1
16	velle	5	1	0.0835	86.0485	16	1.1
16	praesidium	10	1	0.0835	86.132	16	1.1
16	unicum	6	1	0.0835	86.2155	16	1.1
16	dicere	6	1	0.0835	86.2991	16	1.1
16	senem	5	1	0.0835	86.3826	16	1.1
16	patrum	6	1	0.0835	86.4662	16	1.1
16	omnium	6	1	0.0835	86.5497	16	1.1
16	communia	8	1	0.0835	86.6332	16	1.1
16	occipit	7	1	0.0835	86.7168	16	1.1
16	amabat	6	1	0.0835	86.8003	16	1.1
16	opus	4	1	0.0835	86.8839	16	1.1
16	tuam	4	1	0.0835	86.9674	16	1.1
16	prolato	7	1	0.0835	87.051	16	1.1
16	percontarier	12	1	0.0835	87.1345	16	1.1
16	desiste	7	1	0.0835	87.218	16	1.1
16	dices	5	1	0.0835	87.3016	16	1.1
16	tergum	6	1	0.0835	87.3851	16	1.1
16	meum	4	1	0.0835	87.4687	16	1.1
16	committam	9	1	0.0835	87.5522	16	1.1
16	ausculta	8	1	0.0835	87.6358	16	1.1
16	vera	4	1	0.0835	87.7193	16	1.1
16	praedicat	9	1	0.0835	87.8028	16	1.1
16	vitiumst	8	1	0.0835	87.8864	16	1.1
16	maxumum	7	1	0.0835	87.9699	16	1.1
16	das	3	1	0.0835	88.0535	16	1.1
16	tacituram	9	1	0.0835	88.137	16	1.1
16	sperasse	8	1	0.0835	88.2206	16	1.1
16	nuptias	7	1	0.0835	88.3041	16	1.1
16	reperias	8	1	0.0835	88.3876	16	1.1
16	ullae	5	1	0.0835	88.4712	16	1.1
16	abit	4	1	0.0835	88.5547	16	1.1
16	divinam	7	1	0.0835	88.6383	16	1.1
16	matrem	6	1	0.0835	88.7218	16	1.1
16	simulat	7	1	0.0835	88.8053	16	1.1
16	pati	4	1	0.0835	88.8889	16	1.1
16	quit	4	1	0.0835	88.9724	16	1.1
16	nolle	5	1	0.0835	89.056	16	1.1
16	conspectu	9	1	0.0835	89.1395	16	1.1
16	e	1	1	0.0835	89.2231	16	1.1
16	fugere	6	1	0.0835	89.3066	16	1.1
16	confabulatum	12	1	0.0835	89.3901	16	1.1
16	accesserat	10	1	0.0835	89.4737	16	1.1
16	siquando	8	1	0.0835	89.5572	16	1.1
16	postulatio	10	1	0.0835	89.6408	16	1.1
16	coepit	6	1	0.0835	89.7243	16	1.1
16	compluris	9	1	0.0835	89.8079	16	1.1
16	urbem	5	1	0.0835	89.8914	16	1.1
16	reliquit	8	1	0.0835	89.9749	16	1.1
16	cum	3	1	0.0835	90.0585	16	1.1
16	matre	5	1	0.0835	90.142	16	1.1
16	rus	3	1	0.0835	90.2256	16	1.1
16	abdidit	7	1	0.0835	90.3091	16	1.1
16	raro	4	1	0.0835	90.3926	16	1.1
16	commeat	7	1	0.0835	90.4762	16	1.1
16	odisse	6	1	0.0835	90.5597	16	1.1
16	audies	6	1	0.0835	90.6433	16	1.1
16	complusculos	12	1	0.0835	90.7268	16	1.1
16	convenibat	10	1	0.0835	90.8104	16	1.1
16	interim	7	1	0.0835	90.8939	16	1.1
16	miris	5	1	0.0835	90.9774	16	1.1
16	modis	5	1	0.0835	91.061	16	1.1
16	illic	5	1	0.0835	91.1445	16	1.1
16	dixere	6	1	0.0835	91.2281	16	1.1
16	invitum	7	1	0.0835	91.3116	16	1.1
16	nondum	6	1	0.0835	91.3952	16	1.1
16	aerumnis	8	1	0.0835	91.4787	16	1.1
16	his	3	1	0.0835	91.5622	16	1.1
16	expedias	8	1	0.0835	91.6458	16	1.1
16	citiu	5	1	0.0835	91.7293	16	1.1
16	sic	3	1	0.0835	91.8129	16	1.1
16	ac	2	1	0.0835	91.8964	16	1.1
16	vale	4	1	0.0835	91.9799	16	1.1
16	agas	4	1	0.0835	92.0635	16	1.1
16	vortant	7	1	0.0835	92.147	16	1.1
16	coepi	5	1	0.0835	92.2306	16	1.1
16	pergam	6	1	0.0835	92.3141	16	1.1
16	eventurum	9	1	0.0835	92.3977	16	1.1
16	quorsum	7	1	0.0835	92.4812	16	1.1
16	curaest	7	1	0.0835	92.5647	16	1.1
16	egerint	7	1	0.0835	92.6483	16	1.1
16	causam	6	1	0.0835	92.7318	16	1.1
16	mulierem	8	1	0.0835	92.8154	16	1.1
16	nescioquam	10	1	0.0835	92.8989	16	1.1
16	remisit	7	1	0.0835	92.9825	16	1.1
16	accersunt	9	1	0.0835	93.066	16	1.1
16	saepius	7	1	0.0835	93.1495	16	1.1
16	aegram	6	1	0.0835	93.2331	16	1.1
16	simulant	8	1	0.0835	93.3166	16	1.1
16	nostra	6	1	0.0835	93.4002	16	1.1
16	convenit	8	1	0.0835	93.4837	16	1.1
16	it	2	1	0.0835	93.5673	16	1.1
16	visere	6	1	0.0835	93.6508	16	1.1
16	admisit	7	1	0.0835	93.7343	16	1.1
16	rescivit	8	1	0.0835	93.8179	16	1.1
16	rure	4	1	0.0835	93.9014	16	1.1
16	patrem	6	1	0.0835	93.985	16	1.1
16	extrudit	8	1	0.0835	94.0685	16	1.1
16	amantem	7	1	0.0835	94.152	16	1.1
16	decrerim	8	1	0.0835	94.2356	16	1.1
16	cognoverit	10	1	0.0835	94.3191	16	1.1
16	satis	5	1	0.0835	94.4027	16	1.1
16	cognovit	8	1	0.0835	94.4862	16	1.1
16	domi	4	1	0.0835	94.5698	16	1.1
16	ipse	4	1	0.0835	94.6533	16	1.1
16	diiunxit	8	1	0.0835	94.7368	16	1.1
16	res	3	1	0.0835	94.8204	16	1.1
16	facta	5	1	0.0835	94.9039	16	1.1
16	procax	6	1	0.0835	94.9875	16	1.1
16	mage	4	1	0.0835	95.071	16	1.1
16	maligna	7	1	0.0835	95.1546	16	1.1
16	alienum	7	1	0.0835	95.2381	16	1.1
16	fit	3	1	0.0835	95.3216	16	1.1
16	cotidie	7	1	0.0835	95.4052	16	1.1
16	abituram	8	1	0.0835	95.4887	16	1.1
16	spero	5	1	0.0835	95.5723	16	1.1
16	ambarum	7	1	0.0835	95.6558	16	1.1
16	suis	4	1	0.0835	95.7393	16	1.1
16	diutius	7	1	0.0835	95.8229	16	1.1
16	ludibrio	8	1	0.0835	95.9064	16	1.1
16	haberi	6	1	0.0835	95.99	16	1.1
16	integram	8	1	0.0835	96.0735	16	1.1
16	reddam	6	1	0.0835	96.1571	16	1.1
16	accepi	6	1	0.0835	96.2406	16	1.1
16	honestum	8	1	0.0835	96.3241	16	1.1
16	superbumst	10	1	0.0835	96.4077	16	1.1
16	utile	5	1	0.0835	96.4912	16	1.1
16	virginist	9	1	0.0835	96.5748	16	1.1
16	proferre	8	1	0.0835	96.6583	16	1.1
16	reddi	5	1	0.0835	96.7419	16	1.1
16	patri	5	1	0.0835	96.8254	16	1.1
16	viti	4	1	0.0835	96.9089	16	1.1
16	exemplum	8	1	0.0835	96.9925	16	1.1
16	mores	5	1	0.0835	97.076	16	1.1
16	hereditas	9	1	0.0835	97.1596	16	1.1
16	interea	7	1	0.0835	97.2431	16	1.1
16	bacchidi	8	1	0.0835	97.3266	16	1.1
16	transtulit	10	1	0.0835	97.4102	16	1.1
16	amorem	6	1	0.0835	97.4937	16	1.1
16	par	3	1	0.0835	97.5773	16	1.1
16	ingenium	8	1	0.0835	97.6608	16	1.1
16	nactus	6	1	0.0835	97.7444	16	1.1
16	imbro	5	1	0.0835	97.8279	16	1.1
16	paullatim	9	1	0.0835	97.9114	16	1.1
16	moritur	7	1	0.0835	97.995	16	1.1
16	cognatus	8	1	0.0835	98.0785	16	1.1
16	horunc	6	1	0.0835	98.1621	16	1.1
16	hos	3	1	0.0835	98.2456	16	1.1
16	redibat	7	1	0.0835	98.3292	16	1.1
16	lege	4	1	0.0835	98.4127	16	1.1
16	elapsust	8	1	0.0835	98.4962	16	1.1
16	iniuriis	8	1	0.0835	98.5798	16	1.1
16	earum	5	1	0.0835	98.6633	16	1.1
16	incommoda	9	1	0.0835	98.7469	16	1.1
16	existimans	10	1	0.0835	98.8304	16	1.1
16	liberali	8	1	0.0835	98.914	16	1.1
16	ingenio	7	1	0.0835	98.9975	16	1.1
16	decet	5	1	0.0835	99.081	16	1.1
16	pudens	6	1	0.0835	99.1646	16	1.1
16	modesta	7	1	0.0835	99.2481	16	1.1
16	viri	4	1	0.0835	99.3317	16	1.1
16	victus	6	1	0.0835	99.4152	16	1.1
16	tegere	6	1	0.0835	99.4987	16	1.1
16	contumelias	11	1	0.0835	99.5823	16	1.1
16	animu	5	1	0.0835	99.6658	16	1.1
16	uxori	5	1	0.0835	99.7494	16	1.1
16	misericordia	12	1	0.0835	99.8329	16	1.1
16	devinctu	8	1	0.0835	99.9165	16	1.1
16	sciens	6	1	0.0835	100	16	1.1
