rank	word	wordlength	count	frequency(count*100/1634)	sum frequency	zipf(rank*count)	zipf(max/rank)
1	te	2	33	2.0196	2.0196	33	33
2	ut	2	24	1.4688	3.4884	48	16.5
3	est	3	23	1.4076	4.896	69	11
4	quam	4	19	1.1628	6.0588	76	8.3
4	et	2	19	1.1628	7.2215	76	8.3
5	quid	4	18	1.1016	8.3231	90	6.6
6	quod	4	17	1.0404	9.3635	102	5.5
7	esse	4	16	0.9792	10.3427	112	4.7
7	me	2	16	0.9792	11.3219	112	4.7
8	quae	4	15	0.918	12.2399	120	4.1
8	haec	4	15	0.918	13.1579	120	4.1
8	hoc	3	15	0.918	14.0759	120	4.1
8	mihi	4	15	0.918	14.9939	120	4.1
8	non	3	15	0.918	15.9119	120	4.1
9	si	2	14	0.8568	16.7687	126	3.7
9	nam	3	14	0.8568	17.6255	126	3.7
10	in	2	12	0.7344	18.3599	120	3.3
10	hanc	4	12	0.7344	19.0942	120	3.3
11	tu	2	11	0.6732	19.7674	121	3
11	ad	2	11	0.6732	20.4406	121	3
11	ego	3	11	0.6732	21.1138	121	3
12	id	2	10	0.612	21.7258	120	2.8
12	rem	3	10	0.612	22.3378	120	2.8
12	hic	3	10	0.612	22.9498	120	2.8
12	tibi	4	10	0.612	23.5618	120	2.8
13	uxorem	6	9	0.5508	24.1126	117	2.5
13	sit	3	9	0.5508	24.6634	117	2.5
13	iam	3	9	0.5508	25.2142	117	2.5
13	phidippe	8	9	0.5508	25.765	117	2.5
13	adeo	4	9	0.5508	26.3158	117	2.5
14	atque	5	8	0.4896	26.8054	112	2.4
14	nunc	4	8	0.4896	27.295	112	2.4
15	aut	3	7	0.4284	27.7234	105	2.2
15	se	2	7	0.4284	28.1518	105	2.2
16	pamphile	8	6	0.3672	28.519	96	2.1
16	eam	3	6	0.3672	28.8862	96	2.1
16	nil	3	6	0.3672	29.2534	96	2.1
16	quo	3	6	0.3672	29.6206	96	2.1
16	ob	2	6	0.3672	29.9878	96	2.1
16	es	2	6	0.3672	30.355	96	2.1
16	sed	3	6	0.3672	30.7222	96	2.1
17	video	5	5	0.306	31.0282	85	1.9
17	di	2	5	0.306	31.3341	85	1.9
17	animum	6	5	0.306	31.6401	85	1.9
17	ne	2	5	0.306	31.9461	85	1.9
17	hinc	4	5	0.306	32.2521	85	1.9
17	ex	2	5	0.306	32.5581	85	1.9
17	qui	3	5	0.306	32.8641	85	1.9
17	illam	5	5	0.306	33.1701	85	1.9
17	quia	4	5	0.306	33.4761	85	1.9
17	scio	4	5	0.306	33.7821	85	1.9
17	ita	3	5	0.306	34.0881	85	1.9
17	haud	4	5	0.306	34.3941	85	1.9
17	mi	2	5	0.306	34.7001	85	1.9
17	facere	6	5	0.306	35.0061	85	1.9
17	puerum	6	5	0.306	35.3121	85	1.9
17	quicquam	8	5	0.306	35.6181	85	1.9
17	neque	5	5	0.306	35.9241	85	1.9
18	culpa	5	4	0.2448	36.1689	72	1.8
18	at	2	4	0.2448	36.4137	72	1.8
18	tecum	5	4	0.2448	36.6585	72	1.8
18	facis	5	4	0.2448	36.9033	72	1.8
18	etiam	5	4	0.2448	37.1481	72	1.8
18	vis	3	4	0.2448	37.3929	72	1.8
18	ea	2	4	0.2448	37.6377	72	1.8
18	tua	3	4	0.2448	37.8825	72	1.8
18	iniuriam	8	4	0.2448	38.1273	72	1.8
18	huc	3	4	0.2448	38.3721	72	1.8
18	quom	4	4	0.2448	38.6169	72	1.8
18	quem	4	4	0.2448	38.8617	72	1.8
18	ubi	3	4	0.2448	39.1065	72	1.8
18	clam	4	4	0.2448	39.3513	72	1.8
18	eo	2	4	0.2448	39.5961	72	1.8
18	uxor	4	4	0.2448	39.8409	72	1.8
18	istuc	5	4	0.2448	40.0857	72	1.8
18	an	2	4	0.2448	40.3305	72	1.8
18	de	2	4	0.2448	40.5753	72	1.8
18	causa	5	4	0.2448	40.8201	72	1.8
18	res	3	4	0.2448	41.0649	72	1.8
19	vobis	5	3	0.1836	41.2485	57	1.7
19	sine	4	3	0.1836	41.4321	57	1.7
19	eadem	5	3	0.1836	41.6157	57	1.7
19	mulieres	8	3	0.1836	41.7993	57	1.7
19	ament	5	3	0.1836	41.9829	57	1.7
19	omnes	5	3	0.1836	42.1665	57	1.7
19	vos	3	3	0.1836	42.3501	57	1.7
19	aegre	5	3	0.1836	42.5337	57	1.7
19	is	2	3	0.1836	42.7173	57	1.7
19	esset	5	3	0.1836	42.9009	57	1.7
19	immo	4	3	0.1836	43.0845	57	1.7
19	omnis	5	3	0.1836	43.2681	57	1.7
19	cum	3	3	0.1836	43.4517	57	1.7
19	redeat	6	3	0.1836	43.6353	57	1.7
19	eho	3	3	0.1836	43.8188	57	1.7
19	faciam	6	3	0.1836	44.0024	57	1.7
19	aequom	6	3	0.1836	44.186	57	1.7
19	inpulsu	7	3	0.1836	44.3696	57	1.7
19	potiu	5	3	0.1836	44.5532	57	1.7
19	rus	3	3	0.1836	44.7368	57	1.7
19	sostrata	8	3	0.1836	44.9204	57	1.7
19	abs	3	3	0.1836	45.104	57	1.7
19	animo	5	3	0.1836	45.2876	57	1.7
19	ab	2	3	0.1836	45.4712	57	1.7
19	etsi	4	3	0.1836	45.6548	57	1.7
19	intro	5	3	0.1836	45.8384	57	1.7
19	porro	5	3	0.1836	46.022	57	1.7
19	domum	5	3	0.1836	46.2056	57	1.7
19	heri	4	3	0.1836	46.3892	57	1.7
19	sati	4	3	0.1836	46.5728	57	1.7
19	ullam	5	3	0.1836	46.7564	57	1.7
19	nostram	7	3	0.1836	46.94	57	1.7
19	mage	4	3	0.1836	47.1236	57	1.7
19	re	2	3	0.1836	47.3072	57	1.7
19	idem	4	3	0.1836	47.4908	57	1.7
19	pro	3	3	0.1836	47.6744	57	1.7
19	domi	4	3	0.1836	47.858	57	1.7
19	quoque	6	3	0.1836	48.0416	57	1.7
19	sola	4	3	0.1836	48.2252	57	1.7
19	ira	3	3	0.1836	48.4088	57	1.7
19	mane	4	3	0.1836	48.5924	57	1.7
19	verum	5	3	0.1836	48.776	57	1.7
19	ergo	4	3	0.1836	48.9596	57	1.7
19	dignum	6	3	0.1836	49.1432	57	1.7
19	mulier	6	3	0.1836	49.3268	57	1.7
19	dixi	4	3	0.1836	49.5104	57	1.7
19	hac	3	3	0.1836	49.694	57	1.7
19	post	4	3	0.1836	49.8776	57	1.7
19	ei	2	3	0.1836	50.0612	57	1.7
19	autem	5	3	0.1836	50.2448	57	1.7
19	gratiam	7	3	0.1836	50.4284	57	1.7
19	minu	4	3	0.1836	50.612	57	1.7
19	cedo	4	3	0.1836	50.7956	57	1.7
19	nobis	5	3	0.1836	50.9792	57	1.7
19	huic	4	3	0.1836	51.1628	57	1.7
19	tum	3	3	0.1836	51.3464	57	1.7
20	edepol	6	2	0.1224	51.4688	40	1.7
20	siet	4	2	0.1224	51.5912	40	1.7
20	dixti	5	2	0.1224	51.7136	40	1.7
20	bacchis	7	2	0.1224	51.836	40	1.7
20	vostro	6	2	0.1224	51.9584	40	1.7
20	sibi	4	2	0.1224	52.0808	40	1.7
20	opu	3	2	0.1224	52.2032	40	1.7
20	phidippum	9	2	0.1224	52.3256	40	1.7
20	aetate	6	2	0.1224	52.448	40	1.7
20	posse	5	2	0.1224	52.5704	40	1.7
20	tuos	4	2	0.1224	52.6928	40	1.7
20	merito	6	2	0.1224	52.8152	40	1.7
20	gnati	5	2	0.1224	52.9376	40	1.7
20	tempus	6	2	0.1224	53.06	40	1.7
20	factum	6	2	0.1224	53.1824	40	1.7
20	gaudeo	6	2	0.1224	53.3048	40	1.7
20	videtur	7	2	0.1224	53.4272	40	1.7
20	nos	3	2	0.1224	53.5496	40	1.7
20	hunc	4	2	0.1224	53.672	40	1.7
20	redduc	6	2	0.1224	53.7944	40	1.7
20	arbitror	8	2	0.1224	53.9168	40	1.7
20	quidem	6	2	0.1224	54.0392	40	1.7
20	pamphilum	9	2	0.1224	54.1616	40	1.7
20	i	1	2	0.1224	54.284	40	1.7
20	voluit	6	2	0.1224	54.4064	40	1.7
20	omnia	5	2	0.1224	54.5288	40	1.7
20	illi	4	2	0.1224	54.6512	40	1.7
20	abi	3	2	0.1224	54.7736	40	1.7
20	nec	3	2	0.1224	54.896	40	1.7
20	una	3	2	0.1224	55.0184	40	1.7
20	quando	6	2	0.1224	55.1408	40	1.7
20	ipsum	5	2	0.1224	55.2632	40	1.7
20	satis	5	2	0.1224	55.3856	40	1.7
20	natu	4	2	0.1224	55.508	40	1.7
20	dic	3	2	0.1224	55.6304	40	1.7
20	salvam	6	2	0.1224	55.7528	40	1.7
20	tuom	4	2	0.1224	55.8752	40	1.7
20	plus	4	2	0.1224	55.9976	40	1.7
20	fecisti	7	2	0.1224	56.12	40	1.7
20	noster	6	2	0.1224	56.2424	40	1.7
20	intellego	9	2	0.1224	56.3647	40	1.7
20	eum	3	2	0.1224	56.4871	40	1.7
20	laturum	7	2	0.1224	56.6095	40	1.7
20	salve	5	2	0.1224	56.7319	40	1.7
20	priu	4	2	0.1224	56.8543	40	1.7
20	ille	4	2	0.1224	56.9767	40	1.7
20	obsecutu	8	2	0.1224	57.0991	40	1.7
20	filium	6	2	0.1224	57.2215	40	1.7
20	aeque	5	2	0.1224	57.3439	40	1.7
20	apud	4	2	0.1224	57.4663	40	1.7
20	quaeso	6	2	0.1224	57.5887	40	1.7
20	filiam	6	2	0.1224	57.7111	40	1.7
20	meis	4	2	0.1224	57.8335	40	1.7
20	bacchi	6	2	0.1224	57.9559	40	1.7
20	num	3	2	0.1224	58.0783	40	1.7
20	mea	3	2	0.1224	58.2007	40	1.7
20	possiem	7	2	0.1224	58.3231	40	1.7
20	ignarum	7	2	0.1224	58.4455	40	1.7
20	magis	5	2	0.1224	58.5679	40	1.7
20	causam	6	2	0.1224	58.6903	40	1.7
20	sin	3	2	0.1224	58.8127	40	1.7
20	nutricem	8	2	0.1224	58.9351	40	1.7
20	puero	5	2	0.1224	59.0575	40	1.7
20	sis	3	2	0.1224	59.1799	40	1.7
20	abis	4	2	0.1224	59.3023	40	1.7
20	propter	7	2	0.1224	59.4247	40	1.7
20	prave	5	2	0.1224	59.5471	40	1.7
20	a	1	2	0.1224	59.6695	40	1.7
20	ipso	4	2	0.1224	59.7919	40	1.7
20	postremo	8	2	0.1224	59.9143	40	1.7
20	iram	4	2	0.1224	60.0367	40	1.7
20	credidi	7	2	0.1224	60.1591	40	1.7
20	audivi	6	2	0.1224	60.2815	40	1.7
20	inquam	6	2	0.1224	60.4039	40	1.7
20	meo	3	2	0.1224	60.5263	40	1.7
20	sum	3	2	0.1224	60.6487	40	1.7
20	nostra	6	2	0.1224	60.7711	40	1.7
20	potest	6	2	0.1224	60.8935	40	1.7
20	ipsa	4	2	0.1224	61.0159	40	1.7
20	sumptus	7	2	0.1224	61.1383	40	1.7
20	facias	6	2	0.1224	61.2607	40	1.7
20	quoi	4	2	0.1224	61.3831	40	1.7
20	vide	4	2	0.1224	61.5055	40	1.7
20	fiunt	5	2	0.1224	61.6279	40	1.7
20	foras	5	2	0.1224	61.7503	40	1.7
20	exple	5	2	0.1224	61.8727	40	1.7
20	socrus	6	2	0.1224	61.9951	40	1.7
20	illum	5	2	0.1224	62.1175	40	1.7
20	tui	3	2	0.1224	62.2399	40	1.7
20	illa	4	2	0.1224	62.3623	40	1.7
20	philumenam	10	2	0.1224	62.4847	40	1.7
20	faciet	6	2	0.1224	62.6071	40	1.7
20	ludo	4	2	0.1224	62.7295	40	1.7
20	mirum	5	2	0.1224	62.8519	40	1.7
20	inmerito	8	2	0.1224	62.9743	40	1.7
20	dici	4	2	0.1224	63.0967	40	1.7
20	putas	5	2	0.1224	63.2191	40	1.7
20	vostrarum	9	2	0.1224	63.3415	40	1.7
20	hem	3	2	0.1224	63.4639	40	1.7
20	nequid	6	2	0.1224	63.5863	40	1.7
20	praeter	7	2	0.1224	63.7087	40	1.7
20	vitam	5	2	0.1224	63.8311	40	1.7
20	aetatem	7	2	0.1224	63.9535	40	1.7
21	modum	5	1	0.0612	64.0147	21	1.6
21	adducit	7	1	0.0612	64.0759	21	1.6
21	erunt	5	1	0.0612	64.1371	21	1.6
21	primum	6	1	0.0612	64.1983	21	1.6
21	persancte	9	1	0.0612	64.2595	21	1.6
21	quos	4	1	0.0612	64.3207	21	1.6
21	aequo	5	1	0.0612	64.3819	21	1.6
21	deierat	7	1	0.0612	64.4431	21	1.6
21	opera	5	1	0.0612	64.5043	21	1.6
21	compererit	10	1	0.0612	64.5655	21	1.6
21	dedi	4	1	0.0612	64.6267	21	1.6
21	sollicitare	11	1	0.0612	64.6879	21	1.6
21	egi	3	1	0.0612	64.7491	21	1.6
21	tuli	4	1	0.0612	64.8103	21	1.6
21	credant	7	1	0.0612	64.8715	21	1.6
21	amicam	6	1	0.0612	64.9327	21	1.6
21	lacrumarum	10	1	0.0612	64.9939	21	1.6
21	tuarum	6	1	0.0612	65.0551	21	1.6
21	censes	6	1	0.0612	65.1163	21	1.6
21	crimini	7	1	0.0612	65.1775	21	1.6
21	loquar	6	1	0.0612	65.2387	21	1.6
21	praesente	9	1	0.0612	65.2999	21	1.6
21	venit	5	1	0.0612	65.3611	21	1.6
21	nolo	4	1	0.0612	65.4223	21	1.6
21	oravi	5	1	0.0612	65.4835	21	1.6
21	cogis	5	1	0.0612	65.5447	21	1.6
21	experiamur	10	1	0.0612	65.6059	21	1.6
21	matrem	6	1	0.0612	65.6671	21	1.6
21	amandi	6	1	0.0612	65.7283	21	1.6
21	amicae	6	1	0.0612	65.7895	21	1.6
21	tandem	6	1	0.0612	65.8507	21	1.6
21	aliquando	9	1	0.0612	65.9119	21	1.6
21	animi	5	1	0.0612	65.9731	21	1.6
21	erras	5	1	0.0612	66.0343	21	1.6
21	alteram	7	1	0.0612	66.0955	21	1.6
21	nactus	6	1	0.0612	66.1567	21	1.6
21	referet	7	1	0.0612	66.2179	21	1.6
21	adiungas	8	1	0.0612	66.2791	21	1.6
21	test	4	1	0.0612	66.3403	21	1.6
21	puer	4	1	0.0612	66.4015	21	1.6
21	vides	5	1	0.0612	66.4627	21	1.6
21	ademptam	8	1	0.0612	66.5239	21	1.6
21	postquam	8	1	0.0612	66.5851	21	1.6
21	invenimus	9	1	0.0612	66.6463	21	1.6
21	tacere	6	1	0.0612	66.7075	21	1.6
21	longum	6	1	0.0612	66.7687	21	1.6
21	aedibus	7	1	0.0612	66.8299	21	1.6
21	suspectas	9	1	0.0612	66.8911	21	1.6
21	fuisse	6	1	0.0612	66.9523	21	1.6
21	unaque	6	1	0.0612	67.0135	21	1.6
21	concessuram	11	1	0.0612	67.0747	21	1.6
21	falso	5	1	0.0612	67.1359	21	1.6
21	spatium	7	1	0.0612	67.1971	21	1.6
21	pollicitast	11	1	0.0612	67.2583	21	1.6
21	habere	6	1	0.0612	67.3195	21	1.6
21	nostras	7	1	0.0612	67.3807	21	1.6
21	tuam	4	1	0.0612	67.4419	21	1.6
21	queo	4	1	0.0612	67.5031	21	1.6
21	amicum	6	1	0.0612	67.5643	21	1.6
21	credidisse	10	1	0.0612	67.6255	21	1.6
21	patrem	6	1	0.0612	67.6867	21	1.6
21	videre	6	1	0.0612	67.7479	21	1.6
21	saepe	5	1	0.0612	67.8091	21	1.6
21	optabamus	9	1	0.0612	67.8703	21	1.6
21	diem	4	1	0.0612	67.9315	21	1.6
21	aliqui	6	1	0.0612	67.9927	21	1.6
21	appellaret	10	1	0.0612	68.0539	21	1.6
21	evenit	6	1	0.0612	68.1151	21	1.6
21	consultatiost	13	1	0.0612	68.1763	21	1.6
21	habeo	5	1	0.0612	68.2375	21	1.6
21	malist	6	1	0.0612	68.2987	21	1.6
21	dis	3	1	0.0612	68.3599	21	1.6
21	profecto	8	1	0.0612	68.4211	21	1.6
21	ac	2	1	0.0612	68.4823	21	1.6
21	noli	4	1	0.0612	68.5435	21	1.6
21	discidio	8	1	0.0612	68.6047	21	1.6
21	tute	4	1	0.0612	68.6659	21	1.6
21	abscedet	8	1	0.0612	68.7271	21	1.6
21	nosne	5	1	0.0612	68.7882	21	1.6
21	natum	5	1	0.0612	68.8494	21	1.6
21	mulieris	8	1	0.0612	68.9106	21	1.6
21	habes	5	1	0.0612	68.9718	21	1.6
21	quibu	5	1	0.0612	69.033	21	1.6
21	moratam	7	1	0.0612	69.0942	21	1.6
21	moribus	7	1	0.0612	69.1554	21	1.6
21	celatos	7	1	0.0612	69.2166	21	1.6
21	nulla	5	1	0.0612	69.2778	21	1.6
21	pollicita	9	1	0.0612	69.339	21	1.6
21	tam	3	1	0.0612	69.4002	21	1.6
21	diu	3	1	0.0612	69.4614	21	1.6
21	nequeo	6	1	0.0612	69.5226	21	1.6
21	exquire	7	1	0.0612	69.5838	21	1.6
21	proloqui	8	1	0.0612	69.645	21	1.6
21	advorsari	9	1	0.0612	69.7062	21	1.6
21	mater	5	1	0.0612	69.7674	21	1.6
21	prorsu	6	1	0.0612	69.8286	21	1.6
21	nostrum	7	1	0.0612	69.8898	21	1.6
21	futurumst	9	1	0.0612	69.951	21	1.6
21	iratu	5	1	0.0612	70.0122	21	1.6
21	suom	4	1	0.0612	70.0734	21	1.6
21	reddas	6	1	0.0612	70.1346	21	1.6
21	scilicet	8	1	0.0612	70.1958	21	1.6
21	alamu	5	1	0.0612	70.257	21	1.6
21	coge	4	1	0.0612	70.3182	21	1.6
21	rogas	5	1	0.0612	70.3794	21	1.6
21	socer	5	1	0.0612	70.4406	21	1.6
21	alemu	5	1	0.0612	70.5018	21	1.6
21	prodemu	7	1	0.0612	70.563	21	1.6
21	missam	6	1	0.0612	70.6242	21	1.6
21	amentiast	9	1	0.0612	70.6854	21	1.6
21	enimvero	8	1	0.0612	70.7466	21	1.6
21	quidquid	8	1	0.0612	70.8078	21	1.6
21	ridicule	8	1	0.0612	70.869	21	1.6
21	suasit	6	1	0.0612	70.9302	21	1.6
21	amicos	6	1	0.0612	70.9914	21	1.6
21	sua	3	1	0.0612	71.0526	21	1.6
21	serves	6	1	0.0612	71.1138	21	1.6
21	adulescens	10	1	0.0612	71.175	21	1.6
21	fecit	5	1	0.0612	71.2362	21	1.6
21	mirandumne	10	1	0.0612	71.2974	21	1.6
21	cito	4	1	0.0612	71.3586	21	1.6
21	levest	6	1	0.0612	71.4198	21	1.6
21	viri	4	1	0.0612	71.481	21	1.6
21	censen	6	1	0.0612	71.5422	21	1.6
21	peperit	7	1	0.0612	71.6034	21	1.6
21	gnatus	6	1	0.0612	71.6646	21	1.6
21	reperire	8	1	0.0612	71.7258	21	1.6
21	mulierem	8	1	0.0612	71.787	21	1.6
21	careat	6	1	0.0612	71.8482	21	1.6
21	delincunt	9	1	0.0612	71.9094	21	1.6
21	duceres	7	1	0.0612	71.9706	21	1.6
21	adveneris	9	1	0.0612	72.0318	21	1.6
21	duxisti	7	1	0.0612	72.093	21	1.6
21	nuntias	7	1	0.0612	72.1542	21	1.6
21	evocare	7	1	0.0612	72.2154	21	1.6
21	potius	6	1	0.0612	72.2766	21	1.6
21	iussi	5	1	0.0612	72.3378	21	1.6
21	vera	4	1	0.0612	72.399	21	1.6
21	tibist	6	1	0.0612	72.4602	21	1.6
21	pericli	7	1	0.0612	72.5214	21	1.6
21	volo	4	1	0.0612	72.5826	21	1.6
21	sodes	5	1	0.0612	72.6438	21	1.6
21	peccato	7	1	0.0612	72.705	21	1.6
21	ignosci	7	1	0.0612	72.7662	21	1.6
21	cautius	7	1	0.0612	72.8274	21	1.6
21	temere	6	1	0.0612	72.8886	21	1.6
21	scin	4	1	0.0612	72.9498	21	1.6
21	lepida	6	1	0.0612	73.011	21	1.6
21	quapropter	10	1	0.0612	73.0722	21	1.6
21	mirari	6	1	0.0612	73.1334	21	1.6
21	facturave	9	1	0.0612	73.1946	21	1.6
21	fecisse	7	1	0.0612	73.2558	21	1.6
21	nobilitatem	11	1	0.0612	73.317	21	1.6
21	videndumst	10	1	0.0612	73.3782	21	1.6
21	facilem	7	1	0.0612	73.4394	21	1.6
21	expedi	6	1	0.0612	73.5006	21	1.6
21	crimine	7	1	0.0612	73.5618	21	1.6
21	impetrem	8	1	0.0612	73.623	21	1.6
21	satiu	5	1	0.0612	73.6842	21	1.6
21	eas	3	1	0.0612	73.7454	21	1.6
21	teque	5	1	0.0612	73.8066	21	1.6
21	adgrediar	9	1	0.0612	73.8678	21	1.6
21	credo	5	1	0.0612	73.929	21	1.6
21	illis	5	1	0.0612	73.9902	21	1.6
21	polliceare	10	1	0.0612	74.0514	21	1.6
21	iusiurandum	11	1	0.0612	74.1126	21	1.6
21	adcuro	6	1	0.0612	74.1738	21	1.6
21	bonas	5	1	0.0612	74.235	21	1.6
21	suo	3	1	0.0612	74.2962	21	1.6
21	pertuli	7	1	0.0612	74.3574	21	1.6
21	prosit	6	1	0.0612	74.4186	21	1.6
21	erit	4	1	0.0612	74.4798	21	1.6
21	consulendi	10	1	0.0612	74.541	21	1.6
21	duxit	5	1	0.0612	74.6022	21	1.6
21	vostrum	7	1	0.0612	74.6634	21	1.6
21	amorem	6	1	0.0612	74.7246	21	1.6
21	nondum	6	1	0.0612	74.7858	21	1.6
21	istac	5	1	0.0612	74.847	21	1.6
21	volui	5	1	0.0612	74.9082	21	1.6
21	habet	5	1	0.0612	74.9694	21	1.6
21	tempu	5	1	0.0612	75.0306	21	1.6
21	quaere	6	1	0.0612	75.0918	21	1.6
21	alium	5	1	0.0612	75.153	21	1.6
21	firmiorem	9	1	0.0612	75.2142	21	1.6
21	pol	3	1	0.0612	75.2754	21	1.6
21	vere	4	1	0.0612	75.3366	21	1.6
21	exstinguere	11	1	0.0612	75.3978	21	1.6
21	suam	4	1	0.0612	75.459	21	1.6
21	par	3	1	0.0612	75.5202	21	1.6
21	puerumque	9	1	0.0612	75.5814	21	1.6
21	scit	4	1	0.0612	75.6426	21	1.6
21	inscitum	8	1	0.0612	75.7038	21	1.6
21	dispendio	9	1	0.0612	75.765	21	1.6
21	offerre	7	1	0.0612	75.8262	21	1.6
21	inmerenti	9	1	0.0612	75.8874	21	1.6
21	ipsam	5	1	0.0612	75.9486	21	1.6
21	iniquom	7	1	0.0612	76.0098	21	1.6
21	meum	4	1	0.0612	76.071	21	1.6
21	segregarit	10	1	0.0612	76.1322	21	1.6
21	receptas	8	1	0.0612	76.1934	21	1.6
21	dicam	5	1	0.0612	76.2546	21	1.6
21	abduxit	7	1	0.0612	76.3158	21	1.6
21	para	4	1	0.0612	76.377	21	1.6
21	benivolumque	12	1	0.0612	76.4382	21	1.6
21	periclum	8	1	0.0612	76.4994	21	1.6
21	fuit	4	1	0.0612	76.5606	21	1.6
21	qualis	6	1	0.0612	76.6218	21	1.6
21	unum	4	1	0.0612	76.683	21	1.6
21	amoveris	8	1	0.0612	76.7442	21	1.6
21	moneo	5	1	0.0612	76.8054	21	1.6
21	sensitque	9	1	0.0612	76.8666	21	1.6
21	alia	4	1	0.0612	76.9278	21	1.6
21	malim	5	1	0.0612	76.989	21	1.6
21	resciscent	10	1	0.0612	77.0502	21	1.6
21	audias	6	1	0.0612	77.1114	21	1.6
21	abiret	6	1	0.0612	77.1726	21	1.6
21	gloriam	7	1	0.0612	77.2338	21	1.6
21	ah	2	1	0.0612	77.295	21	1.6
21	accipias	8	1	0.0612	77.3562	21	1.6
21	reprimam	8	1	0.0612	77.4174	21	1.6
21	testem	6	1	0.0612	77.4786	21	1.6
21	vivas	5	1	0.0612	77.5398	21	1.6
21	aliter	6	1	0.0612	77.601	21	1.6
21	revolutum	9	1	0.0612	77.6622	21	1.6
21	decuerat	8	1	0.0612	77.7234	21	1.6
21	rursum	6	1	0.0612	77.7846	21	1.6
21	meretricem	10	1	0.0612	77.8458	21	1.6
21	induxti	7	1	0.0612	77.907	21	1.6
21	inimicus	8	1	0.0612	77.9682	21	1.6
21	eandem	6	1	0.0612	78.0294	21	1.6
21	denuo	5	1	0.0612	78.0906	21	1.6
21	discordiam	10	1	0.0612	78.1518	21	1.6
21	confingi	8	1	0.0612	78.213	21	1.6
21	dum	3	1	0.0612	78.2742	21	1.6
21	amicus	6	1	0.0612	78.3354	21	1.6
21	sim	3	1	0.0612	78.3966	21	1.6
21	falsas	6	1	0.0612	78.4578	21	1.6
21	causas	6	1	0.0612	78.519	21	1.6
21	facies	6	1	0.0612	78.5802	21	1.6
21	voles	5	1	0.0612	78.6414	21	1.6
21	aliquam	7	1	0.0612	78.7026	21	1.6
21	evoca	5	1	0.0612	78.7638	21	1.6
21	natam	5	1	0.0612	78.825	21	1.6
21	puere	5	1	0.0612	78.8862	21	1.6
21	sunt	4	1	0.0612	78.9474	21	1.6
21	curre	5	1	0.0612	79.0086	21	1.6
21	bacchidem	9	1	0.0612	79.0698	21	1.6
21	vicinam	7	1	0.0612	79.131	21	1.6
21	verbis	6	1	0.0612	79.1922	21	1.6
21	consili	7	1	0.0612	79.2534	21	1.6
21	oro	3	1	0.0612	79.3146	21	1.6
21	reddidit	8	1	0.0612	79.3758	21	1.6
21	ineat	5	1	0.0612	79.437	21	1.6
21	adiutor	7	1	0.0612	79.4982	21	1.6
21	lingua	6	1	0.0612	79.5594	21	1.6
21	vero	4	1	0.0612	79.6206	21	1.6
21	mones	5	1	0.0612	79.6818	21	1.6
21	das	3	1	0.0612	79.743	21	1.6
21	evenire	7	1	0.0612	79.8042	21	1.6
21	utere	5	1	0.0612	79.8654	21	1.6
21	matre	5	1	0.0612	79.9266	21	1.6
21	videro	6	1	0.0612	79.9878	21	1.6
21	amicitia	8	1	0.0612	80.049	21	1.6
21	fugis	5	1	0.0612	80.1102	21	1.6
21	certi	5	1	0.0612	80.1714	21	1.6
21	respondes	9	1	0.0612	80.2326	21	1.6
21	sese	4	1	0.0612	80.2938	21	1.6
21	solae	5	1	0.0612	80.355	21	1.6
21	fac	3	1	0.0612	80.4162	21	1.6
21	comperi	7	1	0.0612	80.4774	21	1.6
21	opinionem	9	1	0.0612	80.5386	21	1.6
21	alam	4	1	0.0612	80.5998	21	1.6
21	agam	4	1	0.0612	80.661	21	1.6
21	arbitratae	10	1	0.0612	80.7222	21	1.6
21	adest	5	1	0.0612	80.7834	21	1.6
21	sanus	5	1	0.0612	80.8446	21	1.6
21	bene	4	1	0.0612	80.9058	21	1.6
21	solvi	5	1	0.0612	80.967	21	1.6
21	maxume	6	1	0.0612	81.0282	21	1.6
21	fuisti	6	1	0.0612	81.0894	21	1.6
21	haeret	6	1	0.0612	81.1506	21	1.6
21	erant	5	1	0.0612	81.2118	21	1.6
21	curares	7	1	0.0612	81.2729	21	1.6
21	curis	5	1	0.0612	81.3341	21	1.6
21	ceteris	7	1	0.0612	81.3953	21	1.6
21	curasse	7	1	0.0612	81.4565	21	1.6
21	puella	6	1	0.0612	81.5177	21	1.6
21	anum	4	1	0.0612	81.5789	21	1.6
21	suscepisse	10	1	0.0612	81.6401	21	1.6
21	inimicitias	11	1	0.0612	81.7013	21	1.6
21	pudet	5	1	0.0612	81.7625	21	1.6
21	illius	6	1	0.0612	81.8237	21	1.6
21	dices	5	1	0.0612	81.8849	21	1.6
21	rebu	4	1	0.0612	81.9461	21	1.6
21	his	3	1	0.0612	82.0073	21	1.6
21	detrimenti	10	1	0.0612	82.0685	21	1.6
21	concedens	9	1	0.0612	82.1297	21	1.6
21	scissem	7	1	0.0612	82.1909	21	1.6
21	maneret	7	1	0.0612	82.2521	21	1.6
21	isses	5	1	0.0612	82.3133	21	1.6
21	aegritudo	9	1	0.0612	82.3745	21	1.6
21	oritur	6	1	0.0612	82.4357	21	1.6
21	habitatum	9	1	0.0612	82.4969	21	1.6
21	abii	4	1	0.0612	82.5581	21	1.6
21	rei	3	1	0.0612	82.6193	21	1.6
21	meam	4	1	0.0612	82.6805	21	1.6
21	serviens	8	1	0.0612	82.7417	21	1.6
21	vostros	7	1	0.0612	82.8029	21	1.6
21	otiumque	8	1	0.0612	82.8641	21	1.6
21	posset	6	1	0.0612	82.9253	21	1.6
21	pati	4	1	0.0612	82.9865	21	1.6
21	labori	6	1	0.0612	83.0477	21	1.6
21	parcens	7	1	0.0612	83.1089	21	1.6
21	peccando	8	1	0.0612	83.1701	21	1.6
21	fieri	5	1	0.0612	83.2313	21	1.6
21	totam	5	1	0.0612	83.2925	21	1.6
21	corrumpat	9	1	0.0612	83.3537	21	1.6
21	optume	6	1	0.0612	83.4149	21	1.6
21	scibo	5	1	0.0612	83.4761	21	1.6
21	omnibus	7	1	0.0612	83.5373	21	1.6
21	adprime	7	1	0.0612	83.5985	21	1.6
21	obsequentem	11	1	0.0612	83.6597	21	1.6
21	facilitas	9	1	0.0612	83.7209	21	1.6
21	illorum	7	1	0.0612	83.7821	21	1.6
21	exigunt	7	1	0.0612	83.8433	21	1.6
21	animos	6	1	0.0612	83.9045	21	1.6
21	faceres	7	1	0.0612	83.9657	21	1.6
21	vostram	7	1	0.0612	84.0269	21	1.6
21	illarum	7	1	0.0612	84.0881	21	1.6
21	potestate	9	1	0.0612	84.1493	21	1.6
21	adii	4	1	0.0612	84.2105	21	1.6
21	filia	5	1	0.0612	84.2717	21	1.6
21	eccum	5	1	0.0612	84.3329	21	1.6
21	easdem	6	1	0.0612	84.3941	21	1.6
21	ais	3	1	0.0612	84.4553	21	1.6
21	aliam	5	1	0.0612	84.5165	21	1.6
21	signi	5	1	0.0612	84.5777	21	1.6
21	sat	3	1	0.0612	84.6389	21	1.6
21	nemo	4	1	0.0612	84.7001	21	1.6
21	visentem	8	1	0.0612	84.7613	21	1.6
21	admittere	9	1	0.0612	84.8225	21	1.6
21	mores	5	1	0.0612	84.8837	21	1.6
21	morbum	6	1	0.0612	84.9449	21	1.6
21	nullast	7	1	0.0612	85.0061	21	1.6
21	duxere	6	1	0.0612	85.0673	21	1.6
21	quin	4	1	0.0612	85.1285	21	1.6
21	gnatum	6	1	0.0612	85.1897	21	1.6
21	velit	5	1	0.0612	85.2509	21	1.6
21	ducere	6	1	0.0612	85.3121	21	1.6
21	placitast	9	1	0.0612	85.3733	21	1.6
21	condicio	8	1	0.0612	85.4345	21	1.6
21	datur	5	1	0.0612	85.4957	21	1.6
21	odisset	7	1	0.0612	85.5569	21	1.6
21	foret	5	1	0.0612	85.6181	21	1.6
21	itidem	6	1	0.0612	85.6793	21	1.6
21	certo	5	1	0.0612	85.7405	21	1.6
21	eodemque	8	1	0.0612	85.8017	21	1.6
21	videntur	8	1	0.0612	85.8629	21	1.6
21	doctae	6	1	0.0612	85.9241	21	1.6
21	malitiam	8	1	0.0612	85.9853	21	1.6
21	ullus	5	1	0.0612	86.0465	21	1.6
21	magistram	9	1	0.0612	86.1077	21	1.6
21	nescis	6	1	0.0612	86.1689	21	1.6
21	simili	6	1	0.0612	86.2301	21	1.6
21	mala	4	1	0.0612	86.2913	21	1.6
21	prohibeant	10	1	0.0612	86.3525	21	1.6
21	istis	5	1	0.0612	86.4137	21	1.6
21	factis	6	1	0.0612	86.4749	21	1.6
21	familiam	8	1	0.0612	86.5361	21	1.6
21	dedecoras	9	1	0.0612	86.5973	21	1.6
21	filio	5	1	0.0612	86.6585	21	1.6
21	pertinaciast	12	1	0.0612	86.7197	21	1.6
21	studiumst	9	1	0.0612	86.7809	21	1.6
21	paras	5	1	0.0612	86.8421	21	1.6
21	declinatam	10	1	0.0612	86.9033	21	1.6
21	hominum	7	1	0.0612	86.9645	21	1.6
21	fidem	5	1	0.0612	87.0257	21	1.6
21	genus	5	1	0.0612	87.0869	21	1.6
21	coniuratio	10	1	0.0612	87.1481	21	1.6
21	utin	4	1	0.0612	87.2093	21	1.6
21	studeant	8	1	0.0612	87.2705	21	1.6
21	nolintque	9	1	0.0612	87.3317	21	1.6
21	aliarum	7	1	0.0612	87.3929	21	1.6
21	advorsas	8	1	0.0612	87.4541	21	1.6
21	ingenio	7	1	0.0612	87.5153	21	1.6
21	reperias	8	1	0.0612	87.5765	21	1.6
21	itaque	6	1	0.0612	87.6377	21	1.6
21	uno	3	1	0.0612	87.6989	21	1.6
21	oderunt	7	1	0.0612	87.7601	21	1.6
21	nurus	5	1	0.0612	87.8213	21	1.6
21	viris	5	1	0.0612	87.8825	21	1.6
21	luctum	6	1	0.0612	87.9437	21	1.6
21	amicis	6	1	0.0612	88.0049	21	1.6
21	fecisset	8	1	0.0612	88.0661	21	1.6
21	ero	3	1	0.0612	88.1273	21	1.6
21	multo	5	1	0.0612	88.1885	21	1.6
21	melius	6	1	0.0612	88.2497	21	1.6
21	illic	5	1	0.0612	88.3109	21	1.6
21	adsidue	7	1	0.0612	88.3721	21	1.6
21	ideo	4	1	0.0612	88.4333	21	1.6
21	eriti	5	1	0.0612	88.4945	21	1.6
21	proinde	7	1	0.0612	88.5557	21	1.6
21	fama	4	1	0.0612	88.6169	21	1.6
21	pacto	5	1	0.0612	88.6781	21	1.6
21	foris	5	1	0.0612	88.7393	21	1.6
21	iampridem	9	1	0.0612	88.8005	21	1.6
21	equidem	7	1	0.0612	88.8617	21	1.6
21	cepisse	7	1	0.0612	88.9229	21	1.6
21	odium	5	1	0.0612	88.9841	21	1.6
21	minimeque	9	1	0.0612	89.0453	21	1.6
21	ni	2	1	0.0612	89.1065	21	1.6
21	exigat	6	1	0.0612	89.1677	21	1.6
21	quisque	7	1	0.0612	89.2289	21	1.6
21	inimici	7	1	0.0612	89.2901	21	1.6
21	perturbes	9	1	0.0612	89.3513	21	1.6
21	sint	4	1	0.0612	89.4125	21	1.6
21	adfines	7	1	0.0612	89.4737	21	1.6
21	decrerunt	9	1	0.0612	89.5349	21	1.6
21	suos	4	1	0.0612	89.5961	21	1.6
21	liberos	7	1	0.0612	89.6573	21	1.6
21	committerent	12	1	0.0612	89.7185	21	1.6
21	exorere	7	1	0.0612	89.7797	21	1.6
21	inpudentia	10	1	0.0612	89.8409	21	1.6
21	arbitramini	11	1	0.0612	89.9021	21	1.6
21	omnino	6	1	0.0612	89.9633	21	1.6
21	lapidem	7	1	0.0612	90.0245	21	1.6
21	hominem	7	1	0.0612	90.0857	21	1.6
21	ruri	4	1	0.0612	90.1469	21	1.6
21	crebro	6	1	0.0612	90.2081	21	1.6
21	soleo	5	1	0.0612	90.2693	21	1.6
21	nescire	7	1	0.0612	90.3305	21	1.6
21	veni	4	1	0.0612	90.3917	21	1.6
21	incertum	8	1	0.0612	90.4529	21	1.6
21	revereatur	10	1	0.0612	90.5141	21	1.6
21	omne	4	1	0.0612	90.5753	21	1.6
21	parvi	5	1	0.0612	90.6365	21	1.6
21	pendunt	7	1	0.0612	90.6977	21	1.6
21	porto	5	1	0.0612	90.7589	21	1.6
21	iurgium	7	1	0.0612	90.8201	21	1.6
21	quoius	6	1	0.0612	90.8813	21	1.6
21	consilio	8	1	0.0612	90.9425	21	1.6
21	aegrest	7	1	0.0612	91.0037	21	1.6
21	obtemperant	11	1	0.0612	91.0649	21	1.6
21	evomam	6	1	0.0612	91.1261	21	1.6
21	istoc	5	1	0.0612	91.1873	21	1.6
21	sermonem	8	1	0.0612	91.2485	21	1.6
21	habueris	8	1	0.0612	91.3097	21	1.6
21	procul	6	1	0.0612	91.3709	21	1.6
21	stans	5	1	0.0612	91.4321	21	1.6
21	accepi	6	1	0.0612	91.4933	21	1.6
21	dico	4	1	0.0612	91.5545	21	1.6
21	gnatu	5	1	0.0612	91.6157	21	1.6
21	ubiquomque	10	1	0.0612	91.6769	21	1.6
21	mecum	5	1	0.0612	91.7381	21	1.6
21	orabam	6	1	0.0612	91.7993	21	1.6
21	remitteres	10	1	0.0612	91.8605	21	1.6
21	ecce	4	1	0.0612	91.9217	21	1.6
21	proterve	8	1	0.0612	91.9829	21	1.6
21	iracundus	9	1	0.0612	92.0441	21	1.6
21	decedet	7	1	0.0612	92.1053	21	1.6
21	iratus	6	1	0.0612	92.1665	21	1.6
21	litigas	7	1	0.0612	92.2277	21	1.6
21	lubet	5	1	0.0612	92.2889	21	1.6
21	ades	4	1	0.0612	92.3501	21	1.6
21	audi	4	1	0.0612	92.4113	21	1.6
21	paucis	6	1	0.0612	92.4725	21	1.6
21	abiit	5	1	0.0612	92.5337	21	1.6
21	inter	5	1	0.0612	92.5949	21	1.6
21	transigant	10	1	0.0612	92.6561	21	1.6
21	ipsi	4	1	0.0612	92.7173	21	1.6
21	sapere	6	1	0.0612	92.7785	21	1.6
21	possis	6	1	0.0612	92.8397	21	1.6
21	redire	6	1	0.0612	92.9009	21	1.6
21	egredi	6	1	0.0612	92.9621	21	1.6
21	medio	5	1	0.0612	93.0233	21	1.6
21	excedere	8	1	0.0612	93.0845	21	1.6
21	fabulae	7	1	0.0612	93.1457	21	1.6
21	sumu	4	1	0.0612	93.2069	21	1.6
21	senex	5	1	0.0612	93.2681	21	1.6
21	anus	4	1	0.0612	93.3293	21	1.6
21	per	3	1	0.0612	93.3905	21	1.6
21	adulescentulis	14	1	0.0612	93.4517	21	1.6
21	accedamus	9	1	0.0612	93.5129	21	1.6
21	opportune	9	1	0.0612	93.5741	21	1.6
21	tempore	7	1	0.0612	93.6353	21	1.6
21	ostendis	8	1	0.0612	93.6965	21	1.6
21	filiae	6	1	0.0612	93.7576	21	1.6
21	concessurum	11	1	0.0612	93.8188	21	1.6
21	sostratam	9	1	0.0612	93.88	21	1.6
21	e	1	1	0.0612	93.9412	21	1.6
21	aetas	5	1	0.0612	94.0024	21	1.6
21	flectere	8	1	0.0612	94.0636	21	1.6
21	ferantur	8	1	0.0612	94.1248	21	1.6
21	faciundum	9	1	0.0612	94.186	21	1.6
21	fortasse	8	1	0.0612	94.2472	21	1.6
21	feceris	7	1	0.0612	94.3084	21	1.6
21	ibi	3	1	0.0612	94.3696	21	1.6
21	feres	5	1	0.0612	94.4308	21	1.6
21	compone	7	1	0.0612	94.492	21	1.6
21	simul	5	1	0.0612	94.5532	21	1.6
21	nisi	4	1	0.0612	94.6144	21	1.6
21	odiosa	6	1	0.0612	94.6756	21	1.6
21	redducere	9	1	0.0612	94.7368	21	1.6
21	nescias	7	1	0.0612	94.798	21	1.6
21	refert	6	1	0.0612	94.8592	21	1.6
21	utrum	5	1	0.0612	94.9204	21	1.6
21	illaec	6	1	0.0612	94.9816	21	1.6
21	fecerint	8	1	0.0612	95.0428	21	1.6
21	aberit	6	1	0.0612	95.104	21	1.6
21	dixin	5	1	0.0612	95.1652	21	1.6
21	iube	4	1	0.0612	95.2264	21	1.6
21	amisti	6	1	0.0612	95.2876	21	1.6
21	credam	6	1	0.0612	95.3488	21	1.6
21	pater	5	1	0.0612	95.41	21	1.6
21	velis	5	1	0.0612	95.4712	21	1.6
21	intellexi	9	1	0.0612	95.5324	21	1.6
21	minus	5	1	0.0612	95.5936	21	1.6
21	magni	5	1	0.0612	95.6548	21	1.6
21	graviter	8	1	0.0612	95.716	21	1.6
21	rescierit	9	1	0.0612	95.7772	21	1.6
21	diligenter	10	1	0.0612	95.8384	21	1.6
21	studeo	6	1	0.0612	95.8996	21	1.6
21	prohibet	8	1	0.0612	95.9608	21	1.6
21	accusat	7	1	0.0612	96.022	21	1.6
21	virum	5	1	0.0612	96.0832	21	1.6
21	em	2	1	0.0612	96.1444	21	1.6
21	certumne	8	1	0.0612	96.2056	21	1.6
21	dixtin	6	1	0.0612	96.2668	21	1.6
21	concedo	7	1	0.0612	96.328	21	1.6
21	curetur	7	1	0.0612	96.3892	21	1.6
21	dixisse	7	1	0.0612	96.4504	21	1.6
21	profer	6	1	0.0612	96.5116	21	1.6
21	decet	5	1	0.0612	96.5728	21	1.6
21	perpetuam	9	1	0.0612	96.634	21	1.6
21	adfinitatem	11	1	0.0612	96.6952	21	1.6
21	celare	6	1	0.0612	96.7564	21	1.6
21	iras	4	1	0.0612	96.8176	21	1.6
21	siquid	6	1	0.0612	96.8788	21	1.6
21	peccatum	8	1	0.0612	96.94	21	1.6
21	refellendo	10	1	0.0612	97.0012	21	1.6
21	meae	4	1	0.0612	97.0624	21	1.6
21	purgando	8	1	0.0612	97.1236	21	1.6
21	corrigemus	10	1	0.0612	97.1848	21	1.6
21	iudice	6	1	0.0612	97.246	21	1.6
21	east	4	1	0.0612	97.3072	21	1.6
21	retinendi	9	1	0.0612	97.3684	21	1.6
21	aegrast	7	1	0.0612	97.4296	21	1.6
21	metui	5	1	0.0612	97.4908	21	1.6
21	dudum	5	1	0.0612	97.552	21	1.6
21	exspectare	10	1	0.0612	97.6132	21	1.6
21	sies	4	1	0.0612	97.6744	21	1.6
21	auris	5	1	0.0612	97.7356	21	1.6
21	remittet	8	1	0.0612	97.7968	21	1.6
21	istos	5	1	0.0612	97.858	21	1.6
21	invidos	7	1	0.0612	97.9192	21	1.6
21	perdant	7	1	0.0612	97.9804	21	1.6
21	lubenter	8	1	0.0612	98.0416	21	1.6
21	nuntiant	8	1	0.0612	98.1028	21	1.6
21	invito	6	1	0.0612	98.164	21	1.6
21	sermo	5	1	0.0612	98.2252	21	1.6
21	iussit	6	1	0.0612	98.2864	21	1.6
21	accessit	8	1	0.0612	98.3476	21	1.6
21	postputasse	11	1	0.0612	98.4088	21	1.6
21	prae	4	1	0.0612	98.47	21	1.6
21	parente	7	1	0.0612	98.5312	21	1.6
21	inpulsus	8	1	0.0612	98.5924	21	1.6
21	insistas	8	1	0.0612	98.6536	21	1.6
21	deum	4	1	0.0612	98.7148	21	1.6
21	iussisse	8	1	0.0612	98.776	21	1.6
21	accersi	7	1	0.0612	98.8372	21	1.6
21	venisse	7	1	0.0612	98.8984	21	1.6
21	reliquit	8	1	0.0612	98.9596	21	1.6
21	aiunt	5	1	0.0612	99.0208	21	1.6
21	loqui	5	1	0.0612	99.082	21	1.6
21	ipsus	5	1	0.0612	99.1432	21	1.6
21	agebam	6	1	0.0612	99.2044	21	1.6
21	gnate	5	1	0.0612	99.2656	21	1.6
21	advenis	7	1	0.0612	99.3268	21	1.6
21	modo	4	1	0.0612	99.388	21	1.6
21	phania	6	1	0.0612	99.4492	21	1.6
21	vellem	6	1	0.0612	99.5104	21	1.6
21	consobrinu	10	1	0.0612	99.5716	21	1.6
21	igitur	6	1	0.0612	99.6328	21	1.6
21	attulisti	9	1	0.0612	99.694	21	1.6
21	sententia	9	1	0.0612	99.7552	21	1.6
21	obfuit	6	1	0.0612	99.8164	21	1.6
21	vivom	5	1	0.0612	99.8776	21	1.6
21	salvom	6	1	0.0612	99.9388	21	1.6
21	iunget	6	1	0.0612	100	21	1.6
