rank	word	wordlength	count	frequency(count*100/1440)	sum frequency	zipf(rank*count)	zipf(max/rank)
1	ut	2	30	2.0833	2.0833	30	30
2	quid	4	28	1.9444	4.0278	56	15
3	non	3	19	1.3194	5.3472	57	10
4	me	2	17	1.1806	6.5278	68	7.5
4	mihi	4	17	1.1806	7.7083	68	7.5
5	qui	3	16	1.1111	8.8194	80	6
5	est	3	16	1.1111	9.9306	80	6
6	in	2	15	1.0417	10.9722	90	5
6	id	2	15	1.0417	12.0139	90	5
7	ego	3	14	0.9722	12.9861	98	4.3
7	hoc	3	14	0.9722	13.9583	98	4.3
7	aut	3	14	0.9722	14.9306	98	4.3
8	te	2	12	0.8333	15.7639	96	3.8
9	esse	4	11	0.7639	16.5278	99	3.3
9	quam	4	11	0.7639	17.2917	99	3.3
10	ita	3	10	0.6944	17.9861	100	3
10	quod	4	10	0.6944	18.6806	100	3
10	nunc	4	10	0.6944	19.375	100	3
11	si	2	9	0.625	20	99	2.7
11	ad	2	9	0.625	20.625	99	2.7
11	tu	2	9	0.625	21.25	99	2.7
11	tibi	4	9	0.625	21.875	99	2.7
12	cum	3	8	0.5556	22.4306	96	2.5
12	haec	4	8	0.5556	22.9861	96	2.5
12	rem	3	8	0.5556	23.5417	96	2.5
13	neque	5	7	0.4861	24.0278	91	2.3
13	quom	4	7	0.4861	24.5139	91	2.3
13	mi	2	7	0.4861	25	91	2.3
13	iam	3	7	0.4861	25.4861	91	2.3
14	hanc	4	6	0.4167	25.9028	84	2.1
14	hinc	4	6	0.4167	26.3194	84	2.1
14	quidem	6	6	0.4167	26.7361	84	2.1
14	et	2	6	0.4167	27.1528	84	2.1
14	sit	3	6	0.4167	27.5694	84	2.1
14	omnia	5	6	0.4167	27.9861	84	2.1
14	ne	2	6	0.4167	28.4028	84	2.1
15	chreme	6	5	0.3472	28.75	75	2
15	ob	2	5	0.3472	29.0972	75	2
15	tum	3	5	0.3472	29.4444	75	2
15	illa	4	5	0.3472	29.7917	75	2
15	atque	5	5	0.3472	30.1389	75	2
15	istuc	5	5	0.3472	30.4861	75	2
15	hac	3	5	0.3472	30.8333	75	2
15	potest	6	5	0.3472	31.1806	75	2
15	re	2	5	0.3472	31.5278	75	2
15	hem	3	5	0.3472	31.875	75	2
15	phormio	7	5	0.3472	32.2222	75	2
15	es	2	5	0.3472	32.5694	75	2
15	dic	3	5	0.3472	32.9167	75	2
15	autem	5	5	0.3472	33.2639	75	2
15	tua	3	5	0.3472	33.6111	75	2
16	quo	3	4	0.2778	33.8889	64	1.9
16	cognata	7	4	0.2778	34.1667	64	1.9
16	res	3	4	0.2778	34.4444	64	1.9
16	abi	3	4	0.2778	34.7222	64	1.9
16	fuit	4	4	0.2778	35	64	1.9
16	ius	3	4	0.2778	35.2778	64	1.9
16	ais	3	4	0.2778	35.5556	64	1.9
16	unde	4	4	0.2778	35.8333	64	1.9
16	nil	3	4	0.2778	36.1111	64	1.9
16	age	3	4	0.2778	36.3889	64	1.9
16	hercle	6	4	0.2778	36.6667	64	1.9
16	nos	3	4	0.2778	36.9444	64	1.9
16	at	2	4	0.2778	37.2222	64	1.9
16	animo	5	4	0.2778	37.5	64	1.9
16	geta	4	4	0.2778	37.7778	64	1.9
16	ubi	3	4	0.2778	38.0556	64	1.9
16	sed	3	4	0.2778	38.3333	64	1.9
16	filium	6	4	0.2778	38.6111	64	1.9
16	verum	5	4	0.2778	38.8889	64	1.9
16	an	2	4	0.2778	39.1667	64	1.9
16	illi	4	4	0.2778	39.4444	64	1.9
16	igitur	6	4	0.2778	39.7222	64	1.9
16	scio	4	4	0.2778	40	64	1.9
16	hic	3	4	0.2778	40.2778	64	1.9
16	de	2	4	0.2778	40.5556	64	1.9
16	lex	3	4	0.2778	40.8333	64	1.9
17	domum	5	3	0.2083	41.0417	51	1.8
17	adulescens	10	3	0.2083	41.25	51	1.8
17	nam	3	3	0.2083	41.4583	51	1.8
17	nobis	5	3	0.2083	41.6667	51	1.8
17	egon	4	3	0.2083	41.875	51	1.8
17	phaedria	8	3	0.2083	42.0833	51	1.8
17	nausistrata	11	3	0.2083	42.2917	51	1.8
17	illo	4	3	0.2083	42.5	51	1.8
17	quae	4	3	0.2083	42.7083	51	1.8
17	illum	5	3	0.2083	42.9167	51	1.8
17	ipsum	5	3	0.2083	43.125	51	1.8
17	se	2	3	0.2083	43.3333	51	1.8
17	nisi	4	3	0.2083	43.5417	51	1.8
17	pacto	5	3	0.2083	43.75	51	1.8
17	quaeso	6	3	0.2083	43.9583	51	1.8
17	eamus	5	3	0.2083	44.1667	51	1.8
17	facta	5	3	0.2083	44.375	51	1.8
17	o	1	3	0.2083	44.5833	51	1.8
17	omnis	5	3	0.2083	44.7917	51	1.8
17	maxume	6	3	0.2083	45	51	1.8
17	praeter	7	3	0.2083	45.2083	51	1.8
17	etiam	5	3	0.2083	45.4167	51	1.8
17	di	2	3	0.2083	45.625	51	1.8
17	sum	3	3	0.2083	45.8333	51	1.8
17	ille	4	3	0.2083	46.0417	51	1.8
17	ea	2	3	0.2083	46.25	51	1.8
17	istum	5	3	0.2083	46.4583	51	1.8
17	malum	5	3	0.2083	46.6667	51	1.8
17	antipho	7	3	0.2083	46.875	51	1.8
17	is	2	3	0.2083	47.0833	51	1.8
17	uxorem	6	3	0.2083	47.2917	51	1.8
17	frater	6	3	0.2083	47.5	51	1.8
17	dudum	5	3	0.2083	47.7083	51	1.8
17	illam	5	3	0.2083	47.9167	51	1.8
17	causam	6	3	0.2083	48.125	51	1.8
18	respondeas	10	2	0.1389	48.2639	36	1.7
18	quando	6	2	0.1389	48.4028	36	1.7
18	tuam	4	2	0.1389	48.5417	36	1.7
18	ultro	5	2	0.1389	48.6806	36	1.7
18	tute	4	2	0.1389	48.8194	36	1.7
18	futurumst	9	2	0.1389	48.9583	36	1.7
18	intro	5	2	0.1389	49.0972	36	1.7
18	potuit	6	2	0.1389	49.2361	36	1.7
18	nescio	6	2	0.1389	49.375	36	1.7
18	fecit	5	2	0.1389	49.5139	36	1.7
18	taces	5	2	0.1389	49.6528	36	1.7
18	tandem	6	2	0.1389	49.7917	36	1.7
18	haud	4	2	0.1389	49.9306	36	1.7
18	quem	4	2	0.1389	50.0694	36	1.7
18	tuom	4	2	0.1389	50.2083	36	1.7
18	vin	3	2	0.1389	50.3472	36	1.7
18	sati	4	2	0.1389	50.4861	36	1.7
18	quisquam	8	2	0.1389	50.625	36	1.7
18	cedo	4	2	0.1389	50.7639	36	1.7
18	facere	6	2	0.1389	50.9028	36	1.7
18	sodes	5	2	0.1389	51.0417	36	1.7
18	minas	5	2	0.1389	51.1806	36	1.7
18	hominem	7	2	0.1389	51.3194	36	1.7
18	qua	3	2	0.1389	51.4583	36	1.7
18	certo	5	2	0.1389	51.5972	36	1.7
18	volo	4	2	0.1389	51.7361	36	1.7
18	immo	4	2	0.1389	51.875	36	1.7
18	donec	5	2	0.1389	52.0139	36	1.7
18	habitet	7	2	0.1389	52.1528	36	1.7
18	iubet	5	2	0.1389	52.2917	36	1.7
18	eam	3	2	0.1389	52.4306	36	1.7
18	modo	4	2	0.1389	52.5694	36	1.7
18	iniuriam	8	2	0.1389	52.7083	36	1.7
18	eum	3	2	0.1389	52.8472	36	1.7
18	huc	3	2	0.1389	52.9861	36	1.7
18	quor	4	2	0.1389	53.125	36	1.7
18	ibo	3	2	0.1389	53.2639	36	1.7
18	forum	5	2	0.1389	53.4028	36	1.7
18	dici	4	2	0.1389	53.5417	36	1.7
18	do	2	2	0.1389	53.6806	36	1.7
18	narras	6	2	0.1389	53.8194	36	1.7
18	argentum	8	2	0.1389	53.9583	36	1.7
18	itidem	6	2	0.1389	54.0972	36	1.7
18	istac	5	2	0.1389	54.2361	36	1.7
18	nego	4	2	0.1389	54.375	36	1.7
18	omnes	5	2	0.1389	54.5139	36	1.7
18	mulierem	8	2	0.1389	54.6528	36	1.7
18	dum	3	2	0.1389	54.7917	36	1.7
18	e	1	2	0.1389	54.9306	36	1.7
18	medio	5	2	0.1389	55.0694	36	1.7
18	coegit	6	2	0.1389	55.2083	36	1.7
18	ire	3	2	0.1389	55.3472	36	1.7
18	video	5	2	0.1389	55.4861	36	1.7
18	istaec	6	2	0.1389	55.625	36	1.7
18	ago	3	2	0.1389	55.7639	36	1.7
18	scelus	6	2	0.1389	55.9028	36	1.7
18	hegio	5	2	0.1389	56.0417	36	1.7
18	posse	5	2	0.1389	56.1806	36	1.7
18	fieri	5	2	0.1389	56.3194	36	1.7
18	etiamne	7	2	0.1389	56.4583	36	1.7
18	absente	7	2	0.1389	56.5972	36	1.7
18	agam	4	2	0.1389	56.7361	36	1.7
18	mortem	6	2	0.1389	56.875	36	1.7
18	spem	4	2	0.1389	57.0139	36	1.7
18	tam	3	2	0.1389	57.1528	36	1.7
18	peccatum	8	2	0.1389	57.2917	36	1.7
18	tecum	5	2	0.1389	57.4306	36	1.7
18	a	1	2	0.1389	57.5694	36	1.7
18	quin	4	2	0.1389	57.7083	36	1.7
18	consilium	9	2	0.1389	57.8472	36	1.7
18	ergo	4	2	0.1389	57.9861	36	1.7
18	sunt	4	2	0.1389	58.125	36	1.7
18	adeo	4	2	0.1389	58.2639	36	1.7
18	salve	5	2	0.1389	58.4028	36	1.7
18	dem	3	2	0.1389	58.5417	36	1.7
18	ac	2	2	0.1389	58.6806	36	1.7
18	culpa	5	2	0.1389	58.8194	36	1.7
18	sua	3	2	0.1389	58.9583	36	1.7
18	patrem	6	2	0.1389	59.0972	36	1.7
18	meum	4	2	0.1389	59.2361	36	1.7
18	conspectum	10	2	0.1389	59.375	36	1.7
18	mitto	5	2	0.1389	59.5139	36	1.7
18	unum	4	2	0.1389	59.6528	36	1.7
18	noris	5	2	0.1389	59.7917	36	1.7
18	saltem	6	2	0.1389	59.9306	36	1.7
18	ab	2	2	0.1389	60.0694	36	1.7
18	nec	3	2	0.1389	60.2083	36	1.7
18	aliud	5	2	0.1389	60.3472	36	1.7
18	imperium	8	2	0.1389	60.4861	36	1.7
19	nimiumst	8	1	0.0694	60.5556	19	1.6
19	ecquid	6	1	0.0694	60.625	19	1.6
19	nolles	6	1	0.0694	60.6944	19	1.6
19	temere	6	1	0.0694	60.7639	19	1.6
19	fidem	5	1	0.0694	60.8333	19	1.6
19	ilico	5	1	0.0694	60.9028	19	1.6
19	numquam	7	1	0.0694	60.9722	19	1.6
19	amittam	7	1	0.0694	61.0417	19	1.6
19	curavi	6	1	0.0694	61.1111	19	1.6
19	defetiget	9	1	0.0694	61.1806	19	1.6
19	ipsam	5	1	0.0694	61.25	19	1.6
19	mulier	6	1	0.0694	61.3194	19	1.6
19	possis	6	1	0.0694	61.3889	19	1.6
19	testis	6	1	0.0694	61.4583	19	1.6
19	oiei	4	1	0.0694	61.5278	19	1.6
19	vostram	7	1	0.0694	61.5972	19	1.6
19	vortat	6	1	0.0694	61.6667	19	1.6
19	locutus	7	1	0.0694	61.7361	19	1.6
19	adhibeam	8	1	0.0694	61.8056	19	1.6
19	norat	5	1	0.0694	61.875	19	1.6
19	inrideat	8	1	0.0694	61.9444	19	1.6
19	male	4	1	0.0694	62.0139	19	1.6
19	sanus	5	1	0.0694	62.0833	19	1.6
19	satin	5	1	0.0694	62.1528	19	1.6
19	inpuratu	8	1	0.0694	62.2222	19	1.6
19	equidem	7	1	0.0694	62.2917	19	1.6
19	quietus	7	1	0.0694	62.3611	19	1.6
19	esto	4	1	0.0694	62.4306	19	1.6
19	inquam	6	1	0.0694	62.5	19	1.6
19	deliras	7	1	0.0694	62.5694	19	1.6
19	sescentas	9	1	0.0694	62.6389	19	1.6
19	dicas	5	1	0.0694	62.7083	19	1.6
19	nostra	6	1	0.0694	62.7778	19	1.6
19	ait	3	1	0.0694	62.8472	19	1.6
19	curabo	6	1	0.0694	62.9167	19	1.6
19	ducimus	7	1	0.0694	62.9861	19	1.6
19	nequid	6	1	0.0694	63.0556	19	1.6
19	verborum	8	1	0.0694	63.125	19	1.6
19	duit	4	1	0.0694	63.1944	19	1.6
19	scribito	8	1	0.0694	63.2639	19	1.6
19	dixit	5	1	0.0694	63.3333	19	1.6
19	perinde	7	1	0.0694	63.4028	19	1.6
19	opitulata	9	1	0.0694	63.4722	19	1.6
19	parce	5	1	0.0694	63.5417	19	1.6
19	censuit	7	1	0.0694	63.6111	19	1.6
19	sat	3	1	0.0694	63.6806	19	1.6
19	erat	4	1	0.0694	63.75	19	1.6
19	venturam	8	1	0.0694	63.8194	19	1.6
19	nuntia	6	1	0.0694	63.8889	19	1.6
19	prae	4	1	0.0694	63.9583	19	1.6
19	loquatur	8	1	0.0694	64.0278	19	1.6
19	accipere	8	1	0.0694	64.0972	19	1.6
19	ista	4	1	0.0694	64.1667	19	1.6
19	adducam	7	1	0.0694	64.2361	19	1.6
19	argentumst	10	1	0.0694	64.3056	19	1.6
19	obiectum	8	1	0.0694	64.375	19	1.6
19	eius	4	1	0.0694	64.4444	19	1.6
19	faciam	6	1	0.0694	64.5139	19	1.6
19	soles	5	1	0.0694	64.5833	19	1.6
19	vivat	5	1	0.0694	64.6528	19	1.6
19	mutet	5	1	0.0694	64.7222	19	1.6
19	aliquid	7	1	0.0694	64.7917	19	1.6
19	flagiti	7	1	0.0694	64.8611	19	1.6
19	conficiat	9	1	0.0694	64.9306	19	1.6
19	praemiumst	10	1	0.0694	65	19	1.6
19	dubiumst	8	1	0.0694	65.0694	19	1.6
19	gesserimus	10	1	0.0694	65.1389	19	1.6
19	una	3	1	0.0694	65.2083	19	1.6
19	recta	5	1	0.0694	65.2778	19	1.6
19	stultissime	11	1	0.0694	65.3472	19	1.6
19	prava	5	1	0.0694	65.4167	19	1.6
19	agedum	6	1	0.0694	65.4861	19	1.6
19	nonne	5	1	0.0694	65.5556	19	1.6
19	commemorabo	11	1	0.0694	65.625	19	1.6
19	pariter	7	1	0.0694	65.6944	19	1.6
19	duc	3	1	0.0694	65.7639	19	1.6
19	refert	6	1	0.0694	65.8333	19	1.6
19	scilicet	8	1	0.0694	65.9028	19	1.6
19	hui	3	1	0.0694	65.9722	19	1.6
19	idem	4	1	0.0694	66.0417	19	1.6
19	possum	6	1	0.0694	66.1111	19	1.6
19	bina	4	1	0.0694	66.1806	19	1.6
19	faciunt	7	1	0.0694	66.25	19	1.6
19	rogabo	6	1	0.0694	66.3194	19	1.6
19	nostrapte	9	1	0.0694	66.3889	19	1.6
19	adiuves	7	1	0.0694	66.4583	19	1.6
19	opera	5	1	0.0694	66.5278	19	1.6
19	faciat	6	1	0.0694	66.5972	19	1.6
19	aiunt	5	1	0.0694	66.6667	19	1.6
19	facimus	7	1	0.0694	66.7361	19	1.6
19	faciundum	9	1	0.0694	66.8056	19	1.6
19	malis	5	1	0.0694	66.875	19	1.6
19	voluntate	9	1	0.0694	66.9444	19	1.6
19	expediat	8	1	0.0694	67.0139	19	1.6
19	placetur	8	1	0.0694	67.0833	19	1.6
19	nimium	6	1	0.0694	67.1528	19	1.6
19	bonos	5	1	0.0694	67.2222	19	1.6
19	studemus	8	1	0.0694	67.2917	19	1.6
19	benignos	8	1	0.0694	67.3611	19	1.6
19	fac	3	1	0.0694	67.4306	19	1.6
19	fugias	6	1	0.0694	67.5	19	1.6
19	casam	5	1	0.0694	67.5694	19	1.6
19	itane	5	1	0.0694	67.6389	19	1.6
19	turpest	7	1	0.0694	67.7083	19	1.6
19	scire	5	1	0.0694	67.7778	19	1.6
19	publicitu	9	1	0.0694	67.8472	19	1.6
19	isti	4	1	0.0694	67.9167	19	1.6
19	deaeque	7	1	0.0694	67.9861	19	1.6
19	duint	5	1	0.0694	68.0556	19	1.6
19	tantane	7	1	0.0694	68.125	19	1.6
19	adfectum	8	1	0.0694	68.1944	19	1.6
19	quemquam	8	1	0.0694	68.2639	19	1.6
19	audacia	7	1	0.0694	68.3333	19	1.6
19	asportarier	11	1	0.0694	68.4028	19	1.6
19	excessit	8	1	0.0694	68.4722	19	1.6
19	solas	5	1	0.0694	68.5417	19	1.6
19	terras	6	1	0.0694	68.6111	19	1.6
19	enim	4	1	0.0694	68.6806	19	1.6
19	nequeo	6	1	0.0694	68.75	19	1.6
19	solus	5	1	0.0694	68.8194	19	1.6
19	accurre	7	1	0.0694	68.8889	19	1.6
19	lege	4	1	0.0694	68.9583	19	1.6
19	agito	5	1	0.0694	69.0278	19	1.6
19	susceptast	10	1	0.0694	69.0972	19	1.6
19	fretus	6	1	0.0694	69.1667	19	1.6
19	pugnos	6	1	0.0694	69.2361	19	1.6
19	indicare	8	1	0.0694	69.3056	19	1.6
19	foras	5	1	0.0694	69.375	19	1.6
19	celare	6	1	0.0694	69.4444	19	1.6
19	ipsa	4	1	0.0694	69.5139	19	1.6
19	ex	2	1	0.0694	69.5833	19	1.6
19	aliis	5	1	0.0694	69.6528	19	1.6
19	auditura	8	1	0.0694	69.7222	19	1.6
19	nosmet	6	1	0.0694	69.7917	19	1.6
19	placabilius	11	1	0.0694	69.8611	19	1.6
19	gratiam	7	1	0.0694	69.9306	19	1.6
19	hunc	4	1	0.0694	70	19	1.6
19	inpuratum	9	1	0.0694	70.0694	19	1.6
19	poterimus	9	1	0.0694	70.1389	19	1.6
19	nostro	6	1	0.0694	70.2083	19	1.6
19	ulcisci	7	1	0.0694	70.2778	19	1.6
19	bono	4	1	0.0694	70.3472	19	1.6
19	redigam	7	1	0.0694	70.4167	19	1.6
19	vos	3	1	0.0694	70.4861	19	1.6
19	sequitur	8	1	0.0694	70.5556	19	1.6
19	ventrem	7	1	0.0694	70.625	19	1.6
19	vides	5	1	0.0694	70.6944	19	1.6
19	gentium	7	1	0.0694	70.7639	19	1.6
19	oro	3	1	0.0694	70.8333	19	1.6
19	alia	4	1	0.0694	70.9028	19	1.6
19	aequo	5	1	0.0694	70.9722	19	1.6
19	feras	5	1	0.0694	71.0417	19	1.6
19	novi	4	1	0.0694	71.1111	19	1.6
19	aeque	5	1	0.0694	71.1806	19	1.6
19	minime	6	1	0.0694	71.25	19	1.6
19	accusando	9	1	0.0694	71.3194	19	1.6
19	abiit	5	1	0.0694	71.3889	19	1.6
19	infectum	8	1	0.0694	71.4583	19	1.6
19	ignosce	7	1	0.0694	71.5278	19	1.6
19	orat	4	1	0.0694	71.5972	19	1.6
19	confitetur	10	1	0.0694	71.6667	19	1.6
19	purgat	6	1	0.0694	71.7361	19	1.6
19	vis	3	1	0.0694	71.8056	19	1.6
19	amplius	7	1	0.0694	71.875	19	1.6
19	faciet	6	1	0.0694	71.9444	19	1.6
19	scrupulus	9	1	0.0694	72.0139	19	1.6
19	obiit	5	1	0.0694	72.0833	19	1.6
19	ingere	6	1	0.0694	72.1528	19	1.6
19	vinolentu	9	1	0.0694	72.2222	19	1.6
19	narret	6	1	0.0694	72.2917	19	1.6
19	culpam	6	1	0.0694	72.3611	19	1.6
19	meritum	7	1	0.0694	72.4306	19	1.6
19	ignoscenda	10	1	0.0694	72.5	19	1.6
19	neglegentia	11	1	0.0694	72.5694	19	1.6
19	odio	4	1	0.0694	72.6389	19	1.6
19	tuo	3	1	0.0694	72.7083	19	1.6
19	fere	4	1	0.0694	72.7778	19	1.6
19	attigit	7	1	0.0694	72.8472	19	1.6
19	abhinc	6	1	0.0694	72.9167	19	1.6
19	annos	5	1	0.0694	72.9861	19	1.6
19	quindecim	9	1	0.0694	73.0556	19	1.6
19	mulierculam	11	1	0.0694	73.125	19	1.6
19	compressit	10	1	0.0694	73.1944	19	1.6
19	natast	6	1	0.0694	73.2639	19	1.6
19	postilla	8	1	0.0694	73.3333	19	1.6
19	umquam	6	1	0.0694	73.4028	19	1.6
19	elatum	6	1	0.0694	73.4722	19	1.6
19	para	4	1	0.0694	73.5417	19	1.6
19	nescire	7	1	0.0694	73.6111	19	1.6
19	darem	5	1	0.0694	73.6806	19	1.6
19	nostras	7	1	0.0694	73.75	19	1.6
19	triginta	8	1	0.0694	73.8194	19	1.6
19	auferamu	8	1	0.0694	73.8889	19	1.6
19	ibamu	5	1	0.0694	73.9583	19	1.6
19	ridiculum	9	1	0.0694	74.0278	19	1.6
19	oppido	6	1	0.0694	74.0972	19	1.6
19	dehortatus	10	1	0.0694	74.1667	19	1.6
19	erit	4	1	0.0694	74.2361	19	1.6
19	priu	4	1	0.0694	74.3056	19	1.6
19	rumor	5	1	0.0694	74.375	19	1.6
19	populi	6	1	0.0694	74.4444	19	1.6
19	inquit	6	1	0.0694	74.5139	19	1.6
19	feceris	7	1	0.0694	74.5833	19	1.6
19	olim	4	1	0.0694	74.6528	19	1.6
19	honeste	7	1	0.0694	74.7222	19	1.6
19	data	4	1	0.0694	74.7917	19	1.6
19	extrudi	7	1	0.0694	74.8611	19	1.6
19	dilapidat	9	1	0.0694	74.9306	19	1.6
19	conveniundust	13	1	0.0694	75	19	1.6
19	ferme	5	1	0.0694	75.0694	19	1.6
19	maneat	6	1	0.0694	75.1389	19	1.6
19	credere	7	1	0.0694	75.2083	19	1.6
19	quaesitum	9	1	0.0694	75.2778	19	1.6
19	fiat	4	1	0.0694	75.3472	19	1.6
19	filia	5	1	0.0694	75.4167	19	1.6
19	amici	5	1	0.0694	75.4861	19	1.6
19	nostri	6	1	0.0694	75.5556	19	1.6
19	mittimus	8	1	0.0694	75.625	19	1.6
19	licet	5	1	0.0694	75.6944	19	1.6
19	quantum	7	1	0.0694	75.7639	19	1.6
19	negotist	8	1	0.0694	75.8333	19	1.6
19	dis	3	1	0.0694	75.9028	19	1.6
19	magnas	6	1	0.0694	75.9722	19	1.6
19	merito	6	1	0.0694	76.0417	19	1.6
19	gratias	7	1	0.0694	76.1111	19	1.6
19	habeo	5	1	0.0694	76.1806	19	1.6
19	evenere	7	1	0.0694	76.25	19	1.6
19	prospere	8	1	0.0694	76.3194	19	1.6
19	ducat	5	1	0.0694	76.3889	19	1.6
19	eadem	5	1	0.0694	76.4583	19	1.6
19	sis	3	1	0.0694	76.5278	19	1.6
19	hicine	6	1	0.0694	76.5972	19	1.6
19	vostrum	7	1	0.0694	76.6667	19	1.6
19	ambula	6	1	0.0694	76.7361	19	1.6
19	facies	6	1	0.0694	76.8056	19	1.6
19	ludos	5	1	0.0694	76.875	19	1.6
19	facit	5	1	0.0694	76.9444	19	1.6
19	dixisse	7	1	0.0694	77.0139	19	1.6
19	nemini	6	1	0.0694	77.0833	19	1.6
19	tantum	6	1	0.0694	77.1528	19	1.6
19	filius	6	1	0.0694	77.2222	19	1.6
19	argenti	7	1	0.0694	77.2917	19	1.6
19	auferat	7	1	0.0694	77.3611	19	1.6
19	aperte	6	1	0.0694	77.4306	19	1.6
19	inridens	8	1	0.0694	77.5	19	1.6
19	emori	5	1	0.0694	77.5694	19	1.6
19	satius	6	1	0.0694	77.6389	19	1.6
19	virili	6	1	0.0694	77.7083	19	1.6
19	praesentique	12	1	0.0694	77.7778	19	1.6
19	apud	4	1	0.0694	77.8472	19	1.6
19	daretur	7	1	0.0694	77.9167	19	1.6
19	coram	5	1	0.0694	77.9861	19	1.6
19	iube	4	1	0.0694	78.0556	19	1.6
19	incusaveras	11	1	0.0694	78.125	19	1.6
19	invitum	7	1	0.0694	78.1944	19	1.6
19	sane	4	1	0.0694	78.2639	19	1.6
19	amittere	8	1	0.0694	78.3333	19	1.6
19	transi	6	1	0.0694	78.4028	19	1.6
19	illud	5	1	0.0694	78.4722	19	1.6
19	rursum	6	1	0.0694	78.5417	19	1.6
19	rescribi	8	1	0.0694	78.6111	19	1.6
19	duceres	7	1	0.0694	78.6806	19	1.6
19	fiet	4	1	0.0694	78.75	19	1.6
19	malam	5	1	0.0694	78.8194	19	1.6
19	magnificentia	13	1	0.0694	78.8889	19	1.6
19	fugitive	8	1	0.0694	78.9583	19	1.6
19	etiamnunc	9	1	0.0694	79.0278	19	1.6
19	credi	5	1	0.0694	79.0972	19	1.6
19	ignorarier	10	1	0.0694	79.1667	19	1.6
19	tune	4	1	0.0694	79.2361	19	1.6
19	dabo	4	1	0.0694	79.3056	19	1.6
19	velim	5	1	0.0694	79.375	19	1.6
19	debet	5	1	0.0694	79.4444	19	1.6
19	quoi	4	1	0.0694	79.5139	19	1.6
19	oh	2	1	0.0694	79.5833	19	1.6
19	bone	4	1	0.0694	79.6528	19	1.6
19	custos	6	1	0.0694	79.7222	19	1.6
19	columen	7	1	0.0694	79.7917	19	1.6
19	vero	4	1	0.0694	79.8611	19	1.6
19	familiae	8	1	0.0694	79.9306	19	1.6
19	commendavi	10	1	0.0694	80	19	1.6
19	iusta	5	1	0.0694	80.0694	19	1.6
19	abiens	6	1	0.0694	80.1389	19	1.6
19	inprudens	9	1	0.0694	80.2083	19	1.6
19	timuit	6	1	0.0694	80.2778	19	1.6
19	sino	4	1	0.0694	80.3472	19	1.6
19	servos	6	1	0.0694	80.4167	19	1.6
19	necessum	8	1	0.0694	80.4861	19	1.6
19	verbum	6	1	0.0694	80.5556	19	1.6
19	noscere	7	1	0.0694	80.625	19	1.6
19	dotem	5	1	0.0694	80.6944	19	1.6
19	illest	6	1	0.0694	80.7639	19	1.6
19	ecce	4	1	0.0694	80.8333	19	1.6
19	similia	7	1	0.0694	80.9028	19	1.6
19	congruont	9	1	0.0694	80.9722	19	1.6
19	noxast	6	1	0.0694	81.0417	19	1.6
19	defendundam	11	1	0.0694	81.1111	19	1.6
19	adest	5	1	0.0694	81.1806	19	1.6
19	praestost	9	1	0.0694	81.25	19	1.6
19	possit	6	1	0.0694	81.3194	19	1.6
19	tradunt	7	1	0.0694	81.3889	19	1.6
19	operas	6	1	0.0694	81.4583	19	1.6
19	mutuas	6	1	0.0694	81.5278	19	1.6
19	ni	2	1	0.0694	81.5972	19	1.6
19	essent	6	1	0.0694	81.6667	19	1.6
19	stares	6	1	0.0694	81.7361	19	1.6
19	iudex	5	1	0.0694	81.8056	19	1.6
19	habere	6	1	0.0694	81.875	19	1.6
19	dareti	6	1	0.0694	81.9444	19	1.6
19	factum	6	1	0.0694	82.0139	19	1.6
19	penatis	7	1	0.0694	82.0833	19	1.6
19	demonstrarier	13	1	0.0694	82.1528	19	1.6
19	patronum	8	1	0.0694	82.2222	19	1.6
19	mulieris	8	1	0.0694	82.2917	19	1.6
19	require	7	1	0.0694	82.3611	19	1.6
19	adduce	6	1	0.0694	82.4306	19	1.6
19	deos	4	1	0.0694	82.5	19	1.6
19	salutatum	9	1	0.0694	82.5694	19	1.6
19	meritumst	9	1	0.0694	82.6389	19	1.6
19	devortar	8	1	0.0694	82.7083	19	1.6
19	inde	4	1	0.0694	82.7778	19	1.6
19	aliquos	7	1	0.0694	82.8472	19	1.6
19	amicos	6	1	0.0694	82.9167	19	1.6
19	advocabo	8	1	0.0694	82.9861	19	1.6
19	adsient	7	1	0.0694	83.0556	19	1.6
19	conmonstrarier	14	1	0.0694	83.125	19	1.6
19	suave	5	1	0.0694	83.1944	19	1.6
19	quaereret	9	1	0.0694	83.2639	19	1.6
19	sumeret	7	1	0.0694	83.3333	19	1.6
19	alium	5	1	0.0694	83.4028	19	1.6
19	virum	5	1	0.0694	83.4722	19	1.6
19	ratione	7	1	0.0694	83.5417	19	1.6
19	inopem	6	1	0.0694	83.6111	19	1.6
19	potiu	5	1	0.0694	83.6806	19	1.6
19	ducebat	7	1	0.0694	83.75	19	1.6
19	alicunde	8	1	0.0694	83.8194	19	1.6
19	diem	4	1	0.0694	83.8889	19	1.6
19	postremo	8	1	0.0694	83.9583	19	1.6
19	nullo	5	1	0.0694	84.0278	19	1.6
19	alio	4	1	0.0694	84.0972	19	1.6
19	fenore	6	1	0.0694	84.1667	19	1.6
19	sic	3	1	0.0694	84.2361	19	1.6
19	patiar	6	1	0.0694	84.3056	19	1.6
19	nuptam	6	1	0.0694	84.375	19	1.6
19	acerrimum	9	1	0.0694	84.4444	19	1.6
19	lenem	5	1	0.0694	84.5139	19	1.6
19	sim	3	1	0.0694	84.5833	19	1.6
19	optigit	7	1	0.0694	84.6528	19	1.6
19	tacitum	7	1	0.0694	84.7222	19	1.6
19	tradere	7	1	0.0694	84.7917	19	1.6
19	advorsariis	11	1	0.0694	84.8611	19	1.6
19	incertumst	10	1	0.0694	84.9306	19	1.6
19	quia	4	1	0.0694	85	19	1.6
19	incredibile	11	1	0.0694	85.0694	19	1.6
19	irritatus	9	1	0.0694	85.1389	19	1.6
19	fateor	6	1	0.0694	85.2083	19	1.6
19	animum	6	1	0.0694	85.2778	19	1.6
19	nequeam	7	1	0.0694	85.3472	19	1.6
19	cogitandum	10	1	0.0694	85.4167	19	1.6
19	instituere	10	1	0.0694	85.4861	19	1.6
19	secundae	8	1	0.0694	85.5556	19	1.6
19	meditari	8	1	0.0694	85.625	19	1.6
19	scientem	8	1	0.0694	85.6944	19	1.6
19	audio	5	1	0.0694	85.7639	19	1.6
19	oportet	7	1	0.0694	85.8333	19	1.6
19	pudere	6	1	0.0694	85.9028	19	1.6
19	duxit	5	1	0.0694	85.9722	19	1.6
19	iniussu	7	1	0.0694	86.0417	19	1.6
19	meo	3	1	0.0694	86.1111	19	1.6
19	simultatem	10	1	0.0694	86.1806	19	1.6
19	meam	4	1	0.0694	86.25	19	1.6
19	revereri	8	1	0.0694	86.3194	19	1.6
19	facinus	7	1	0.0694	86.3889	19	1.6
19	feci	4	1	0.0694	86.4583	19	1.6
19	audax	5	1	0.0694	86.5278	19	1.6
19	monitor	7	1	0.0694	86.5972	19	1.6
19	dicent	6	1	0.0694	86.6667	19	1.6
19	reperient	9	1	0.0694	86.7361	19	1.6
19	demiror	7	1	0.0694	86.8056	19	1.6
19	dicet	5	1	0.0694	86.875	19	1.6
19	invitu	6	1	0.0694	86.9444	19	1.6
19	secum	5	1	0.0694	87.0139	19	1.6
19	advorsam	8	1	0.0694	87.0833	19	1.6
19	sciat	5	1	0.0694	87.1528	19	1.6
19	responde	8	1	0.0694	87.2222	19	1.6
19	phaedriam	9	1	0.0694	87.2917	19	1.6
19	mei	3	1	0.0694	87.3611	19	1.6
19	fratri	6	1	0.0694	87.4306	19	1.6
19	obviam	6	1	0.0694	87.5	19	1.6
19	ubist	5	1	0.0694	87.5694	19	1.6
19	credo	5	1	0.0694	87.6389	19	1.6
19	vellem	6	1	0.0694	87.7083	19	1.6
19	deputare	8	1	0.0694	87.7778	19	1.6
19	rogitas	7	1	0.0694	87.8472	19	1.6
19	bonas	5	1	0.0694	87.9167	19	1.6
19	confecistis	11	1	0.0694	87.9861	19	1.6
19	nuptias	7	1	0.0694	88.0556	19	1.6
19	suscenseam	10	1	0.0694	88.125	19	1.6
19	gestio	6	1	0.0694	88.1944	19	1.6
19	dari	4	1	0.0694	88.2639	19	1.6
19	lucro	5	1	0.0694	88.3333	19	1.6
19	omne	4	1	0.0694	88.4028	19	1.6
19	aerumnam	8	1	0.0694	88.4722	19	1.6
19	semper	6	1	0.0694	88.5417	19	1.6
19	ferant	6	1	0.0694	88.6111	19	1.6
19	pericla	7	1	0.0694	88.6806	19	1.6
19	damna	5	1	0.0694	88.75	19	1.6
19	exsilia	7	1	0.0694	88.8194	19	1.6
19	peregre	7	1	0.0694	88.8889	19	1.6
19	rediens	7	1	0.0694	88.9583	19	1.6
19	cogitet	7	1	0.0694	89.0278	19	1.6
19	eveniat	7	1	0.0694	89.0972	19	1.6
19	fili	4	1	0.0694	89.1667	19	1.6
19	uxori	5	1	0.0694	89.2361	19	1.6
19	morbum	6	1	0.0694	89.3056	19	1.6
19	filiae	6	1	0.0694	89.375	19	1.6
19	communia	8	1	0.0694	89.4444	19	1.6
19	novom	5	1	0.0694	89.5139	19	1.6
19	quidquid	8	1	0.0694	89.5833	19	1.6
19	inparatu	8	1	0.0694	89.6528	19	1.6
19	veniat	6	1	0.0694	89.7222	19	1.6
19	animam	6	1	0.0694	89.7917	19	1.6
19	sententiae	10	1	0.0694	89.8611	19	1.6
19	inpedivit	9	1	0.0694	89.9306	19	1.6
19	nuptiis	7	1	0.0694	90	19	1.6
19	prodit	6	1	0.0694	90.0694	19	1.6
19	sciam	5	1	0.0694	90.1389	19	1.6
19	dicat	5	1	0.0694	90.2083	19	1.6
19	quidve	6	1	0.0694	90.2778	19	1.6
19	vise	4	1	0.0694	90.3472	19	1.6
19	gnatus	6	1	0.0694	90.4167	19	1.6
19	redieritne	10	1	0.0694	90.4861	19	1.6
19	nondum	6	1	0.0694	90.5556	19	1.6
19	videti	6	1	0.0694	90.625	19	1.6
19	loco	4	1	0.0694	90.6944	19	1.6
19	siet	4	1	0.0694	90.7639	19	1.6
19	cratine	7	1	0.0694	90.8333	19	1.6
19	hisce	5	1	0.0694	90.9028	19	1.6
19	adficit	7	1	0.0694	90.9722	19	1.6
19	fecistis	8	1	0.0694	91.0417	19	1.6
19	oblectet	8	1	0.0694	91.1111	19	1.6
19	advorsum	8	1	0.0694	91.1806	19	1.6
19	infelix	7	1	0.0694	91.25	19	1.6
19	expetam	7	1	0.0694	91.3194	19	1.6
19	amicitiam	9	1	0.0694	91.3889	19	1.6
19	visum	5	1	0.0694	91.4583	19	1.6
19	auditum	7	1	0.0694	91.5278	19	1.6
19	habe	4	1	0.0694	91.5972	19	1.6
19	sollicitudine	13	1	0.0694	91.6667	19	1.6
19	verborumst	10	1	0.0694	91.7361	19	1.6
19	properas	8	1	0.0694	91.8056	19	1.6
19	abducere	8	1	0.0694	91.875	19	1.6
19	eiciam	6	1	0.0694	91.9444	19	1.6
19	dixi	4	1	0.0694	92.0139	19	1.6
19	quanta	6	1	0.0694	92.0833	19	1.6
19	cura	4	1	0.0694	92.1528	19	1.6
19	crito	5	1	0.0694	92.2222	19	1.6
19	probe	5	1	0.0694	92.2917	19	1.6
19	itan	4	1	0.0694	92.3611	19	1.6
19	remedium	8	1	0.0694	92.4306	19	1.6
19	sollicitudinist	15	1	0.0694	92.5	19	1.6
19	defetiscar	10	1	0.0694	92.5694	19	1.6
19	usque	5	1	0.0694	92.6389	19	1.6
19	experirier	10	1	0.0694	92.7083	19	1.6
19	pollicitus	10	1	0.0694	92.7778	19	1.6
19	effecero	8	1	0.0694	92.8472	19	1.6
19	istanc	6	1	0.0694	92.9167	19	1.6
19	optigerit	9	1	0.0694	92.9861	19	1.6
19	quis	4	1	0.0694	93.0556	19	1.6
19	iussit	6	1	0.0694	93.125	19	1.6
19	loqui	5	1	0.0694	93.1944	19	1.6
19	perge	5	1	0.0694	93.2639	19	1.6
19	eloqui	6	1	0.0694	93.3333	19	1.6
19	pudet	5	1	0.0694	93.4028	19	1.6
19	audistin	8	1	0.0694	93.4722	19	1.6
19	gnato	5	1	0.0694	93.5417	19	1.6
19	incertior	9	1	0.0694	93.6111	19	1.6
19	quoad	5	1	0.0694	93.6806	19	1.6
19	multo	5	1	0.0694	93.75	19	1.6
19	exspectandus	12	1	0.0694	93.8194	19	1.6
19	dederit	7	1	0.0694	93.8889	19	1.6
19	sequar	6	1	0.0694	93.9583	19	1.6
19	percontatum	11	1	0.0694	94.0278	19	1.6
19	portum	6	1	0.0694	94.0972	19	1.6
19	recipiat	8	1	0.0694	94.1667	19	1.6
19	audiveras	9	1	0.0694	94.2361	19	1.6
19	profectu	8	1	0.0694	94.3056	19	1.6
19	causa	5	1	0.0694	94.375	19	1.6
19	lemnum	6	1	0.0694	94.4444	19	1.6
19	adduxtin	8	1	0.0694	94.5139	19	1.6
19	filiam	6	1	0.0694	94.5833	19	1.6
19	diu	3	1	0.0694	94.6528	19	1.6
19	commorabare	11	1	0.0694	94.7222	19	1.6
19	paratu	6	1	0.0694	94.7917	19	1.6
19	domo	4	1	0.0694	94.8611	19	1.6
19	enumquam	8	1	0.0694	94.9306	19	1.6
19	diceret	7	1	0.0694	95	19	1.6
19	potis	5	1	0.0694	95.0694	19	1.6
19	amicum	6	1	0.0694	95.1389	19	1.6
19	fuisse	6	1	0.0694	95.2083	19	1.6
19	explana	7	1	0.0694	95.2778	19	1.6
19	cognatum	8	1	0.0694	95.3472	19	1.6
19	sibi	4	1	0.0694	95.4167	19	1.6
19	nossem	6	1	0.0694	95.4861	19	1.6
19	peto	4	1	0.0694	95.5556	19	1.6
19	redige	6	1	0.0694	95.625	19	1.6
19	memoriam	8	1	0.0694	95.6944	19	1.6
19	enicas	6	1	0.0694	95.7639	19	1.6
19	nomen	5	1	0.0694	95.8333	19	1.6
19	tempto	6	1	0.0694	95.9028	19	1.6
19	dixti	5	1	0.0694	95.9722	19	1.6
19	placere	7	1	0.0694	96.0417	19	1.6
19	venia	5	1	0.0694	96.1111	19	1.6
19	cognatus	8	1	0.0694	96.1806	19	1.6
19	agebam	6	1	0.0694	96.25	19	1.6
19	quoiquam	8	1	0.0694	96.3194	19	1.6
19	contumeliosius	14	1	0.0694	96.3889	19	1.6
19	audisti	7	1	0.0694	96.4583	19	1.6
19	factam	6	1	0.0694	96.5278	19	1.6
19	adeste	6	1	0.0694	96.5972	19	1.6
19	opinor	6	1	0.0694	96.6667	19	1.6
19	sequimini	9	1	0.0694	96.7361	19	1.6
19	bona	4	1	0.0694	96.8056	19	1.6
19	audaciam	8	1	0.0694	96.875	19	1.6
19	accusatum	9	1	0.0694	96.9444	19	1.6
19	advenit	7	1	0.0694	97.0139	19	1.6
19	tace	4	1	0.0694	97.0833	19	1.6
19	desine	6	1	0.0694	97.1528	19	1.6
19	primum	6	1	0.0694	97.2222	19	1.6
19	abs	3	1	0.0694	97.2917	19	1.6
19	noram	5	1	0.0694	97.3611	19	1.6
19	istoc	5	1	0.0694	97.4306	19	1.6
19	prohibebo	9	1	0.0694	97.5	19	1.6
19	publicumst	10	1	0.0694	97.5694	19	1.6
19	quinque	7	1	0.0694	97.6389	19	1.6
19	accipe	6	1	0.0694	97.7083	19	1.6
19	num	3	1	0.0694	97.7778	19	1.6
19	iniquom	7	1	0.0694	97.8472	19	1.6
19	postulo	7	1	0.0694	97.9167	19	1.6
19	adipiscar	9	1	0.0694	97.9861	19	1.6
19	proxumo	7	1	0.0694	98.0556	19	1.6
19	dare	4	1	0.0694	98.125	19	1.6
19	desinam	7	1	0.0694	98.1944	19	1.6
19	perfecero	9	1	0.0694	98.2639	19	1.6
19	sine	4	1	0.0694	98.3333	19	1.6
19	putato	6	1	0.0694	98.4028	19	1.6
19	dico	4	1	0.0694	98.4722	19	1.6
19	dicere	6	1	0.0694	98.5417	19	1.6
19	uxore	5	1	0.0694	98.6111	19	1.6
19	abduce	6	1	0.0694	98.6806	19	1.6
19	dotis	5	1	0.0694	98.75	19	1.6
19	nomine	6	1	0.0694	98.8194	19	1.6
19	quoius	6	1	0.0694	98.8889	19	1.6
19	malefaciant	11	1	0.0694	98.9583	19	1.6
19	dicis	5	1	0.0694	99.0278	19	1.6
19	advenissem	10	1	0.0694	99.0972	19	1.6
19	esset	5	1	0.0694	99.1667	19	1.6
19	dicerem	7	1	0.0694	99.2361	19	1.6
19	face	4	1	0.0694	99.3056	19	1.6
19	stultitia	9	1	0.0694	99.375	19	1.6
19	audiam	6	1	0.0694	99.4444	19	1.6
19	dignumst	8	1	0.0694	99.5139	19	1.6
19	etsi	4	1	0.0694	99.5833	19	1.6
19	iniuriast	9	1	0.0694	99.6528	19	1.6
19	tamen	5	1	0.0694	99.7222	19	1.6
19	potius	6	1	0.0694	99.7917	19	1.6
19	litis	5	1	0.0694	99.8611	19	1.6
19	secter	6	1	0.0694	99.9306	19	1.6
19	voles	5	1	0.0694	100	19	1.6
